Time,Groundspeed,Cabin Diff PSI,Bld Px PSI,Bleed On,N1 %,N2 %,ITT (F),Oil Temp (F),Oil Px PSI,TLA DEG,TT2 (C),PT2 PSI,CHPV,ECS PRI DUCT T (F),ECS PRI DUCT T2 (F),ECS CKPT T (F),O2 BTL Px PSI,O2 VLV Open,EIPS TMP (F),EIPS PRS PSI
1,0,0.0,0.44,0,0.0,9.8,126,61.6,5.5,-22.39,15.734,14.859,4.196,9899999762399946800000000.0,57.8,58.0,1475,0,57.7,0.22
2,0,0.0,0.45,0,0.0,13.0,187,61.8,14.5,-22.39,15.727,14.859,4.196,9899999762399946800000000.0,57.8,58.0,1523,0,57.7,0.21
3,0,0.0,0.45,0,0.8,15.8,401,61.8,23.5,-22.39,15.703,14.859,4.196,9899999762399946800000000.0,57.8,9.899999762399945e+24,1571,0,57.7,0.22
4,0,0.0,0.44,0,2.0,18.3,659,61.8,30.4,-22.39,15.68,14.859,4.196,57.0,57.8,61.0,1594,0,57.7,0.22
5,0,0.0,0.45,0,2.9000000000000004,20.7,878,61.9,35.3,-22.39,15.641,14.859,4.196,57.0,57.8,58.0,1605,0,57.7,0.21
6,0,0.0,0.44,0,4.0,22.900000000000002,1024,61.9,41.7,-22.39,15.57,14.859,4.196,58.0,57.8,58.0,1610,0,57.7,0.22
7,0,0.0,0.45,0,5.2,24.9,1102,61.9,46.4,-22.38,15.5,14.859,4.196,57.0,57.8,58.0,1612,0,57.7,0.21
8,0,0.0,0.44,0,6.4,26.700000000000003,1127,62.5,51.5,-22.38,15.391,14.859,4.196,57.0,57.8,58.0,1613,0,57.7,0.22
9,0,0.0,0.44,0,7.5,28.199999999999996,1116,63.3,54.7,-22.38,15.242,14.855,4.196,57.0,57.8,58.0,1613,0,57.7,0.22
10,0,0.0,0.44,0,8.6,29.5,1083,63.5,57.7,-22.37,15.062,14.855,4.196,57.0,57.8,58.0,1613,0,57.7,0.22
11,0,0.0,0.44,0,9.6,31.0,1048,63.6,60.7,-22.36,14.844,14.859,4.196,57.0,57.8,58.0,1614,0,57.7,0.21
12,0,0.0,0.44,0,10.7,32.7,1027,64.1,63.4,-22.37,14.586,14.859,4.196,57.0,57.8,58.0,1614,0,57.7,0.22
13,0,0.0,0.44,0,11.799999999999999,34.9,1019,64.3,68.7,-22.38,14.281,14.859,4.196,57.0,57.8,58.0,1614,0,57.7,0.22
14,0,0.0,0.45,0,13.0,37.4,1021,63.9,46.1,-22.37,14.008,14.859,4.196,57.0,57.8,58.0,1614,0,57.6,0.21
15,0,0.0,0.44,0,14.499999999999998,40.300000000000004,1027,63.6,46.4,-22.35,13.688,14.859,4.196,57.0,57.8,58.0,1614,0,57.7,0.22
16,0,0.0,0.46,0,16.1,42.5,1030,63.4,47.5,-22.34,13.352,14.859,4.196,57.0,57.8,58.0,1614,0,57.6,0.21
17,0,0.0,0.46,0,17.8,45.300000000000004,1032,63.3,48.6,-22.34,13.016,14.855,4.196,57.0,57.8,58.0,1614,0,57.6,0.22
18,0,0.0,0.47,0,19.900000000000002,48.8,1036,63.4,50.5,-22.35,12.664,14.855,4.196,57.0,57.8,58.0,1614,0,57.6,0.22
19,0,0.0,0.47,0,22.2,52.300000000000004,1033,63.4,51.9,-22.35,12.32,14.855,4.196,57.0,57.8,59.0,1614,0,57.6,0.22
20,0,0.0,0.46,0,23.9,53.400000000000006,1006,63.5,52.5,-22.36,11.938,14.855,4.196,57.0,57.8,59.0,1614,0,57.6,0.22
21,0,0.0,0.46,0,24.5,53.400000000000006,950,63.6,52.5,-22.35,11.633,14.859,4.196,57.0,57.8,59.0,1614,0,57.6,0.23
22,0,0.0,0.46,0,24.7,53.400000000000006,894,63.7,52.5,-22.36,11.305,14.859,4.196,57.0,57.8,59.0,1614,0,57.6,0.22
23,4,0.0,0.46,0,24.8,53.400000000000006,851,63.9,52.4,-22.36,10.984,14.859,4.196,57.0,57.8,59.0,1614,0,57.6,0.23
24,6,0.0,0.47,0,24.9,53.400000000000006,818,64.1,52.4,-22.35,10.68,14.859,4.196,57.0,57.8,59.0,1614,0,57.6,0.23
25,6,0.0,0.46,0,24.8,53.400000000000006,795,64.3,52.4,-22.36,10.391,14.859,4.196,57.0,57.8,59.0,1614,0,57.6,0.22
26,1,0.0,0.46,0,24.7,53.400000000000006,779,64.6,52.3,-22.34,10.117,14.859,4.196,57.0,57.8,59.0,1614,0,57.6,0.22
27,0,0.0,0.47,0,24.6,53.400000000000006,768,64.9,52.3,-22.35,9.844,14.859,4.196,57.0,57.8,59.0,1614,0,57.6,0.22
28,0,0.0,0.47,0,24.6,53.400000000000006,759,65.4,52.3,-22.34,9.609,14.859,4.196,57.0,57.8,59.0,1614,0,57.6,0.22
29,0,0.0,0.47,0,24.7,53.400000000000006,754,65.7,52.3,-22.36,9.383,14.859,4.195,57.0,57.8,59.0,1614,0,57.6,0.23
30,0,0.0,0.47,0,24.6,53.400000000000006,750,66.1,52.2,-22.34,9.172,14.859,4.196,57.0,57.8,59.0,1614,0,57.6,0.21
31,0,0.0,0.47,0,24.6,53.400000000000006,747,66.4,52.2,-22.36,8.984,14.859,4.196,57.0,57.8,59.0,1614,0,57.6,0.21
32,0,0.0,0.46,0,24.7,53.400000000000006,745,66.7,52.2,-22.36,8.797,14.855,4.196,57.0,57.8,59.0,1614,0,57.5,0.21
33,0,0.0,0.47,0,24.6,53.400000000000006,745,67.0,52.1,-22.37,8.648,14.859,4.196,57.0,57.8,59.0,1614,0,57.5,0.22
34,0,0.0,0.47,0,24.7,53.400000000000006,744,67.3,52.1,-22.34,8.5,14.859,4.196,57.0,57.8,59.0,1614,0,57.5,0.22
35,0,0.0,0.47,0,24.7,53.400000000000006,743,67.6,52.1,-22.34,8.391,14.855,4.196,57.0,57.8,59.0,1614,0,57.5,0.21
36,0,0.0,0.47,0,24.6,53.400000000000006,743,67.9,52.1,-22.35,8.281,14.855,4.196,57.0,57.8,59.0,1614,0,57.5,0.22
37,0,0.0,0.47,0,24.6,53.400000000000006,743,68.2,52.1,-22.38,8.188,14.855,4.196,57.0,57.8,59.0,1614,0,57.5,0.22
38,0,0.0,0.47,0,24.6,53.400000000000006,743,68.5,52.1,-22.36,8.094,14.855,4.196,57.0,57.8,59.0,1614,0,57.5,0.22
39,0,0.0,0.47,0,24.6,53.400000000000006,743,68.8,52.0,-22.35,8.016,14.855,4.196,57.0,57.8,59.0,1614,0,57.5,0.21
40,0,0.0,0.47,0,24.6,53.400000000000006,743,69.1,52.1,-22.36,7.945,14.855,4.196,57.0,57.8,59.0,1614,0,57.5,0.21
41,0,0.0,0.46,0,24.6,53.400000000000006,744,69.3,52.1,-22.35,7.875,14.855,4.196,57.0,57.7,59.0,1614,0,57.5,0.21
42,0,0.0,0.47,0,24.6,53.400000000000006,743,69.6,52.0,-22.35,7.82,14.855,4.196,57.0,57.7,59.0,1614,0,57.5,0.21
43,0,0.0,0.47,0,24.6,53.400000000000006,743,69.9,52.1,-22.35,7.766,14.855,4.196,57.0,57.7,59.0,1614,0,57.5,0.22
44,0,0.0,0.46,0,24.6,53.400000000000006,743,70.2,52.1,-22.36,7.727,14.855,4.196,57.0,57.7,59.0,1614,0,57.5,0.21
45,0,0.0,0.46,0,24.6,53.400000000000006,743,70.5,52.1,-22.36,7.688,14.855,4.196,57.0,57.7,59.0,1614,0,57.5,0.2
46,0,0.0,0.47,0,24.6,53.400000000000006,743,70.7,52.1,-22.36,7.648,14.855,4.196,57.0,57.7,59.0,1614,0,57.5,0.21
47,0,0.0,0.46,0,24.7,53.400000000000006,743,71.0,52.1,-22.36,7.625,14.855,4.196,57.0,57.7,59.0,1614,0,57.5,0.2
48,0,0.0,0.47,0,24.7,53.400000000000006,742,71.3,52.2,-22.35,7.586,14.855,4.196,57.0,57.7,59.0,1614,0,57.5,0.21
49,0,0.0,0.46,0,24.7,53.400000000000006,742,71.6,52.2,-22.37,7.562,14.855,4.196,57.0,57.7,59.0,1613,0,57.4,0.2
50,0,0.0,0.47,0,24.6,53.400000000000006,742,71.8,52.2,-22.35,7.523,14.855,4.196,57.0,57.7,59.0,1613,0,57.4,0.21
51,0,0.0,0.47,0,24.6,53.400000000000006,742,72.1,52.3,-22.35,7.5,14.855,4.196,57.0,57.7,59.0,1613,0,57.4,0.21
52,0,0.0,0.47,0,24.6,53.400000000000006,742,72.4,52.3,-22.35,7.469,14.855,4.196,57.0,57.7,59.0,1613,0,57.4,0.21
53,0,0.0,0.47,0,24.6,53.400000000000006,742,72.6,52.4,-22.36,7.453,14.855,4.196,57.0,57.7,59.0,1613,0,57.4,0.21
54,0,0.0,0.46,0,24.7,53.400000000000006,742,72.9,52.4,-22.36,7.43,14.855,4.196,57.0,57.7,59.0,1613,0,57.4,0.21
55,0,0.0,0.47,0,24.6,53.400000000000006,742,73.2,52.4,-22.37,7.414,14.855,4.196,57.0,57.7,59.0,1613,0,57.4,0.21
56,0,0.0,0.46,0,24.5,53.400000000000006,742,73.4,52.5,-22.36,7.391,14.855,4.196,57.0,57.7,59.0,1613,0,57.4,0.22
57,0,0.0,0.46,0,24.5,53.400000000000006,741,73.7,52.5,-22.36,7.383,14.852,4.196,57.0,57.7,59.0,1613,0,57.4,0.22
58,0,0.0,0.47,0,24.6,53.400000000000006,741,74.0,52.5,-22.36,7.375,14.855,4.196,57.0,57.7,59.0,1613,0,57.4,0.2
59,0,0.0,0.46,0,24.6,53.400000000000006,741,74.2,52.5,-22.36,7.367,14.855,4.196,57.0,57.7,59.0,1613,0,57.4,0.21
60,0,0.0,0.46,0,24.6,53.400000000000006,742,74.5,52.6,-22.36,7.359,14.855,4.196,57.0,57.7,59.0,1613,0,57.4,0.22
61,0,0.0,0.47,0,24.5,53.400000000000006,742,74.8,52.6,-22.35,7.367,14.855,4.196,57.0,57.7,59.0,1613,0,57.4,0.21
62,0,0.0,0.46,0,24.5,53.400000000000006,742,75.0,52.6,-22.36,7.359,14.855,4.196,57.0,57.7,59.0,1613,0,57.4,0.21
63,0,0.0,0.46,0,24.6,53.400000000000006,742,75.3,52.6,-22.36,7.359,14.855,4.196,57.0,57.7,59.0,1613,0,57.4,0.2
64,0,0.0,0.47,0,24.6,53.400000000000006,742,75.5,52.7,-22.36,7.359,14.855,4.196,57.0,57.7,60.0,1613,0,57.4,0.21
65,0,0.0,0.46,0,24.6,53.400000000000006,741,75.8,52.7,-22.36,7.344,14.855,4.196,57.0,57.7,60.0,1613,0,57.4,0.22
66,0,0.0,0.46,0,24.6,53.400000000000006,741,76.0,52.7,-22.35,7.344,14.855,4.196,57.0,57.7,60.0,1613,0,57.3,0.21
67,0,0.0,0.46,0,24.6,53.400000000000006,740,76.3,52.8,-22.38,7.328,14.855,4.196,57.0,57.7,60.0,1613,0,57.3,0.21
68,0,0.0,0.47,0,24.6,53.400000000000006,740,76.6,52.8,-22.37,7.32,14.855,4.196,57.0,57.7,60.0,1613,0,57.3,0.21
69,0,0.0,0.46,0,24.6,53.400000000000006,740,76.8,52.8,-22.36,7.305,14.855,4.196,57.0,57.7,60.0,1613,0,57.3,0.21
70,0,0.0,0.46,0,24.6,53.400000000000006,740,77.1,52.8,-22.36,7.297,14.855,4.196,57.0,57.7,60.0,1613,0,57.3,0.21
71,0,0.0,0.47,0,24.6,53.400000000000006,740,77.4,52.8,-22.36,7.289,14.855,4.196,57.0,57.7,60.0,1613,0,57.3,0.21
72,0,0.0,0.47,0,24.6,53.400000000000006,740,77.6,52.9,-22.36,7.273,14.855,4.196,57.0,57.7,60.0,1613,0,57.3,0.22
73,0,0.0,0.47,0,24.6,53.400000000000006,739,77.9,53.0,-22.36,7.266,14.855,4.196,57.0,57.7,60.0,1613,0,57.3,0.22
74,0,0.0,0.47,0,24.7,53.400000000000006,739,78.2,53.0,-22.37,7.25,14.855,4.196,57.0,57.7,60.0,1613,0,57.3,0.21
75,0,0.0,0.47,0,24.7,53.400000000000006,739,78.5,53.0,-22.36,7.234,14.855,4.196,57.0,57.7,60.0,1613,0,57.3,0.21
76,0,0.0,0.46,0,24.7,53.400000000000006,739,78.8,53.1,-22.38,7.227,14.855,4.196,57.0,57.7,60.0,1613,0,57.3,0.22
77,0,0.0,0.47,0,24.7,53.400000000000006,739,79.1,53.0,-22.37,7.219,14.855,4.196,57.0,57.7,60.0,1613,0,57.3,0.21
78,0,0.0,0.47,0,24.6,53.400000000000006,738,79.4,53.1,-22.37,7.219,14.855,4.196,57.0,57.7,60.0,1613,0,57.3,0.22
79,0,0.0,0.46,0,24.6,53.400000000000006,739,79.7,53.2,-22.38,7.211,14.855,4.196,57.0,57.7,60.0,1613,0,57.3,0.22
80,0,0.0,0.46,0,24.6,53.400000000000006,738,80.0,53.2,-22.37,7.219,14.855,4.196,57.0,57.7,60.0,1613,0,57.2,0.22
81,0,0.0,0.46,0,24.6,53.400000000000006,738,80.3,53.2,-22.36,7.219,14.855,4.196,57.0,57.7,60.0,1613,0,57.2,0.22
82,0,0.0,0.46,0,24.6,53.400000000000006,738,80.6,53.3,-22.36,7.219,14.855,4.196,57.0,57.7,60.0,1613,0,57.3,0.21
83,0,0.0,0.46,0,24.6,53.400000000000006,738,80.9,53.3,-22.38,7.227,14.855,4.196,57.0,57.7,60.0,1613,0,57.2,0.21
84,0,0.0,0.47,0,24.6,53.400000000000006,739,81.1,53.3,-22.36,7.227,14.855,4.196,57.0,57.7,60.0,1613,0,57.2,0.21
85,0,0.0,0.46,0,24.6,53.400000000000006,738,81.4,53.3,-22.38,7.219,14.855,4.196,57.0,57.7,60.0,1613,0,57.2,0.22
86,0,0.0,0.46,0,24.6,53.400000000000006,738,81.7,53.4,-22.38,7.227,14.855,4.196,57.0,57.6,60.0,1613,0,57.2,0.22
87,0,0.0,0.47,0,24.6,53.400000000000006,738,82.0,53.4,-22.39,7.219,14.855,4.196,57.0,57.7,60.0,1613,0,57.2,0.22
88,0,0.0,0.46,0,24.6,53.400000000000006,738,82.3,53.4,-22.38,7.219,14.855,4.196,57.0,57.7,60.0,1613,0,57.2,0.22
89,0,0.0,0.46,0,24.6,53.400000000000006,738,82.6,53.5,-22.38,7.219,14.855,4.196,57.0,57.7,60.0,1613,0,57.2,0.22
90,0,0.0,0.46,0,24.6,53.400000000000006,737,82.8,53.5,-22.37,7.219,14.855,4.196,57.0,57.7,60.0,1613,0,57.2,0.22
91,0,0.0,0.46,0,24.6,53.400000000000006,738,83.1,53.5,-22.36,7.219,14.855,4.196,57.0,57.6,60.0,1613,0,57.2,0.22
92,0,0.0,0.47,0,24.5,53.400000000000006,738,83.3,53.5,-22.37,7.227,14.855,4.196,57.0,57.7,60.0,1613,0,57.2,0.22
93,0,0.0,11.14,1,24.4,53.2,739,83.5,53.4,-22.37,7.227,14.855,4.196,57.0,57.7,60.0,1613,0,57.2,0.22
94,0,0.0,11.98,1,24.4,53.5,748,83.8,53.5,-22.38,7.234,14.855,4.196,57.0,57.7,60.0,1613,0,57.2,0.22
95,0,0.0,13.46,1,24.4,53.400000000000006,761,84.0,53.5,-22.38,7.242,14.855,4.196,57.0,57.6,60.0,1613,0,57.2,0.23
96,0,0.0,14.95,1,24.4,53.400000000000006,770,84.2,53.6,-22.38,7.242,14.855,4.196,57.0,57.6,60.0,1613,0,57.2,0.22
97,0,0.0,16.46,1,24.5,53.400000000000006,776,84.4,53.5,-22.37,7.258,14.855,4.196,57.0,57.5,60.0,1613,0,57.1,0.22
98,0,0.0,17.54,1,24.5,53.400000000000006,778,84.6,53.5,-22.36,7.258,14.855,4.196,57.0,57.5,60.0,1613,0,57.2,0.22
99,0,0.0,18.47,1,24.6,53.400000000000006,779,84.8,53.6,-22.36,7.25,14.855,4.196,56.0,57.5,60.0,1613,0,57.1,0.21
100,0,0.0,19.24,1,24.6,53.400000000000006,778,85.0,53.6,-22.39,7.258,14.855,4.196,57.0,57.5,60.0,1613,0,57.1,0.22
101,0,0.0,19.37,1,24.6,53.400000000000006,777,85.2,53.6,-22.39,7.258,14.855,4.196,57.0,57.6,60.0,1613,0,57.1,0.23
102,0,0.0,19.37,1,24.6,53.400000000000006,774,85.4,53.6,-22.38,7.258,14.855,4.196,57.0,57.6,60.0,1613,0,57.1,0.22
103,0,0.0,19.4,1,24.6,53.400000000000006,773,85.6,53.6,-22.38,7.266,14.855,4.196,57.0,57.7,60.0,1613,0,57.1,0.22
104,0,0.0,19.44,1,24.6,53.400000000000006,772,85.8,53.7,-22.38,7.281,14.855,4.196,57.0,57.7,60.0,1613,0,57.1,0.22
105,0,0.0,19.38,1,24.7,53.400000000000006,772,86.0,53.6,-22.37,7.289,14.855,4.196,57.0,57.8,60.0,1613,0,57.1,0.23
106,0,0.0,19.43,1,24.7,53.400000000000006,771,86.1,53.7,-22.37,7.297,14.855,4.196,57.0,57.9,60.0,1613,0,57.1,0.24
107,0,0.0,19.37,1,24.6,53.400000000000006,771,86.3,53.7,-22.37,7.312,14.855,4.196,57.0,57.9,60.0,1613,0,57.1,0.23
108,0,0.0,19.37,1,24.6,53.400000000000006,770,86.5,53.7,-22.38,7.32,14.855,4.196,57.0,58.0,60.0,1613,0,57.1,0.22
109,0,0.0,19.38,1,24.6,53.400000000000006,770,86.6,53.7,-22.37,7.328,14.855,4.196,57.0,58.1,60.0,1613,0,57.1,0.22
110,0,0.0,19.38,1,24.6,53.400000000000006,770,86.8,53.7,-22.38,7.328,14.855,4.196,57.0,58.1,60.0,1613,0,57.1,0.24
111,0,0.0,19.42,1,24.6,53.400000000000006,770,87.0,53.7,-22.36,7.328,14.855,4.196,57.0,58.2,60.0,1613,0,57.1,0.22
112,0,0.0,19.37,1,24.6,53.400000000000006,770,87.1,53.8,-22.35,7.328,14.855,4.196,57.0,58.3,60.0,1613,0,57.1,0.22
113,0,0.0,19.42,1,24.6,53.400000000000006,770,87.3,53.7,-22.38,7.328,14.855,4.196,58.0,58.4,60.0,1613,0,57.0,0.23
114,0,0.0,19.36,1,24.6,53.400000000000006,770,87.4,53.8,-22.36,7.32,14.855,4.196,58.0,58.4,60.0,1613,0,57.1,0.23
115,0,0.0,19.37,1,24.6,53.400000000000006,769,87.6,53.8,-22.38,7.328,14.855,4.196,58.0,58.5,60.0,1613,0,57.1,0.23
116,0,0.0,19.41,1,24.6,53.400000000000006,769,87.8,53.8,-22.38,7.32,14.855,4.196,58.0,58.6,60.0,1613,0,57.0,0.23
117,0,0.0,19.36,1,24.6,53.400000000000006,770,87.9,53.8,-22.37,7.32,14.855,4.196,58.0,58.7,61.0,1613,0,57.0,0.22
118,0,0.0,19.39,1,24.6,53.400000000000006,769,88.1,53.8,-22.37,7.32,14.855,4.196,58.0,58.8,61.0,1613,0,57.0,0.22
119,0,0.0,19.37,1,24.6,53.400000000000006,770,88.2,53.9,-22.38,7.32,14.855,4.196,58.0,58.8,61.0,1613,0,57.0,0.23
120,0,0.0,19.36,1,24.6,53.400000000000006,770,88.4,53.9,-22.38,7.32,14.855,4.196,58.0,58.9,61.0,1613,0,57.0,0.22
121,0,0.0,19.37,1,24.6,53.400000000000006,770,88.5,53.9,-22.38,7.32,14.855,4.196,58.0,59.0,61.0,1613,0,57.0,0.22
122,0,0.0,19.38,1,24.6,53.400000000000006,770,88.7,53.9,-22.38,7.32,14.855,4.196,58.0,59.0,61.0,1613,0,57.0,0.23
123,0,0.0,19.33,1,24.6,53.400000000000006,770,88.8,53.9,-22.38,7.328,14.855,4.196,58.0,59.1,61.0,1613,0,57.0,0.22
124,0,0.0,19.33,1,24.6,53.400000000000006,770,89.0,54.0,-22.37,7.328,14.855,4.196,58.0,59.1,61.0,1613,0,57.0,0.21
125,0,0.0,19.38,1,24.6,53.400000000000006,770,89.1,54.0,-22.36,7.328,14.855,4.196,59.0,59.2,61.0,1613,0,57.0,0.21
126,0,0.0,19.37,1,24.6,53.400000000000006,770,89.3,54.0,-22.38,7.328,14.855,4.196,58.0,59.3,61.0,1613,0,57.0,0.21
127,0,0.0,19.32,1,24.5,53.400000000000006,770,89.4,54.0,-22.36,7.328,14.855,4.196,59.0,59.3,61.0,1613,0,57.0,0.21
128,0,0.0,19.35,1,24.6,53.400000000000006,770,89.6,54.0,-22.38,7.328,14.855,4.196,59.0,59.4,61.0,1613,0,57.0,0.22
129,0,0.0,24.84,1,25.8,56.49999999999999,774,89.7,54.8,-9.84,7.344,14.855,4.196,59.0,59.4,61.0,1613,0,57.0,0.22
130,0,0.0,41.3,1,32.5,66.8,851,89.8,58.3,-9.84,7.344,14.855,4.196,60.0,59.5,61.0,1613,0,57.0,0.22
131,0,0.0,42.44,1,44.2,75.3,951,89.9,62.1,-9.84,7.367,14.852,4.196,60.0,59.7,61.0,1613,0,57.0,0.22
132,1,0.0,42.73,1,49.7,75.9,1011,89.9,62.9,-9.82,7.398,14.852,4.196,60.0,59.9,61.0,1613,0,56.9,0.22
133,1,0.0,42.95,1,51.1,76.0,990,90.0,63.2,-9.82,7.422,14.852,4.196,60.0,60.1,61.0,1613,0,56.9,0.23
134,2,0.0,43.03,1,51.4,75.9,964,90.1,63.2,-9.82,7.438,14.852,4.196,60.0,60.2,61.0,1613,0,56.9,0.22
135,3,0.0,43.04,1,51.2,75.9,942,90.3,63.3,-22.27,7.445,14.852,4.196,60.0,60.4,61.0,1613,0,56.9,0.23
136,4,0.0,41.76,1,45.7,70.6,913,90.4,61.1,-22.28,7.438,14.852,4.196,60.0,60.6,61.0,1613,0,56.9,0.22
137,4,0.0,39.44,1,39.6,66.5,853,90.6,59.3,-22.38,7.422,14.852,4.196,60.0,60.7,61.0,1613,0,56.9,0.22
138,4,0.0,36.47,1,35.699999999999996,63.9,802,90.7,58.0,-22.34,7.398,14.855,4.196,60.0,60.8,61.0,1613,0,56.9,0.21
139,3,0.0,33.58,1,33.2,62.0,768,90.8,57.2,-15.72,7.367,14.855,4.196,60.0,60.9,61.0,1613,0,56.9,0.22
140,3,0.0,37.5,1,33.900000000000006,64.5,765,90.9,58.0,-15.77,7.344,14.855,4.196,60.0,61.0,61.0,1613,0,56.9,0.21
141,3,0.0,37.92,1,34.5,64.7,779,91.0,58.1,-15.74,7.328,14.855,4.196,60.0,61.2,61.0,1613,0,56.9,0.22
142,3,0.0,38.06,1,34.699999999999996,64.8,781,91.0,58.2,-15.71,7.312,14.855,4.196,60.0,61.3,61.0,1613,0,56.9,0.22
143,3,0.0,38.56,1,34.9,64.8,779,91.1,58.1,-14.75,7.297,14.855,4.196,60.0,61.4,61.0,1613,0,56.9,0.21
144,3,0.0,42.01,1,37.1,67.9,786,91.2,59.3,-13.9,7.289,14.855,4.196,60.0,61.5,61.0,1613,0,56.9,0.23
145,4,0.0,42.65,1,39.5,69.19999999999999,809,91.3,59.8,-10.02,7.273,14.855,4.196,61.0,61.7,61.0,1613,0,56.8,0.22
146,4,0.0,42.79,1,46.6,75.2,843,91.5,62.2,-9.97,7.266,14.855,4.196,61.0,61.8,61.0,1613,0,56.8,0.23
147,4,0.0,42.72,1,50.1,75.6,894,91.6,62.8,-10.08,7.266,14.855,4.196,61.0,61.9,61.0,1613,0,56.8,0.23
148,5,0.0,39.85,1,50.4,74.8,904,91.8,62.7,-13.17,7.258,14.855,4.196,61.0,62.0,61.0,1613,0,56.8,0.23
149,6,0.0,42.52,1,45.300000000000004,70.8,878,92.0,61.1,-13.14,7.227,14.855,4.196,61.0,62.2,61.0,1613,0,56.8,0.22
150,7,0.0,42.58,1,43.3,70.5,842,92.2,60.8,-13.05,7.188,14.859,4.196,61.0,62.3,61.0,1613,0,56.8,0.22
151,7,0.0,42.63,1,42.8,70.5,824,92.4,60.7,-13.14,7.156,14.859,4.196,62.0,62.4,61.0,1613,0,56.8,0.23
152,7,0.0,39.01,1,40.1,67.30000000000001,810,92.7,59.6,-22.31,7.109,14.859,4.196,62.0,62.5,61.0,1613,0,56.8,0.22
153,7,0.0,35.21,1,35.8,63.3,777,92.9,58.2,-22.38,7.062,14.859,4.196,62.0,62.6,61.0,1613,0,56.8,0.21
154,7,0.0,30.07,1,32.6,60.6,745,93.0,56.9,-22.38,7.023,14.863,4.196,61.0,62.7,61.0,1613,0,56.8,0.22
155,7,0.0,26.7,1,30.2,58.5,725,93.2,56.1,-22.37,6.992,14.859,4.196,62.0,62.7,61.0,1613,0,56.8,0.21
156,7,0.0,23.63,1,28.299999999999997,56.49999999999999,714,93.3,55.4,-22.37,6.969,14.859,4.196,62.0,62.7,61.0,1613,0,56.8,0.22
157,7,0.0,20.39,1,26.6,54.50000000000001,707,93.5,54.7,-22.37,6.953,14.859,4.196,62.0,62.7,61.0,1613,0,56.8,0.22
158,7,0.0,19.38,1,25.4,53.400000000000006,704,93.7,54.4,-22.38,6.953,14.859,4.196,62.0,62.7,61.0,1613,0,56.8,0.23
159,7,0.0,19.26,1,25.0,53.400000000000006,714,93.8,54.3,-22.38,6.961,14.859,4.196,62.0,62.7,61.0,1613,0,56.7,0.22
160,7,0.0,19.21,1,24.8,53.400000000000006,730,94.0,54.3,-22.37,6.953,14.859,4.196,62.0,62.7,61.0,1613,0,56.7,0.22
161,7,0.0,19.33,1,24.7,53.400000000000006,743,94.2,54.3,-22.36,6.953,14.859,4.196,62.0,62.6,61.0,1613,0,56.8,0.23
162,7,0.0,19.29,1,24.7,53.400000000000006,754,94.4,54.4,-22.37,6.953,14.863,4.196,62.0,62.5,61.0,1613,0,56.7,0.22
163,7,0.0,19.28,1,24.7,53.300000000000004,760,94.6,54.4,-22.36,6.945,14.859,4.196,62.0,62.5,61.0,1613,0,56.7,0.22
164,6,0.0,19.32,1,24.7,53.400000000000006,764,94.8,54.4,-22.37,6.945,14.859,4.196,62.0,62.4,61.0,1613,0,56.7,0.22
165,6,0.0,19.34,1,24.7,53.400000000000006,767,95.1,54.5,-22.38,6.945,14.859,4.196,62.0,62.4,61.0,1612,0,56.7,0.23
166,6,0.0,19.34,1,24.7,53.400000000000006,769,95.3,54.5,-22.37,6.945,14.859,4.196,62.0,62.4,61.0,1612,0,56.7,0.21
167,6,0.0,19.35,1,24.7,53.400000000000006,770,95.5,54.5,-22.36,6.945,14.859,4.196,62.0,62.4,61.0,1612,0,56.7,0.21
168,6,0.0,19.29,1,24.7,53.400000000000006,771,95.8,54.5,-22.37,6.953,14.859,4.196,61.0,62.4,61.0,1612,0,56.7,0.22
169,6,0.0,19.35,1,24.7,53.400000000000006,772,96.0,54.6,-22.37,6.961,14.859,4.196,62.0,62.5,61.0,1612,0,56.7,0.22
170,6,0.0,19.36,1,24.7,53.400000000000006,772,96.2,54.5,-22.38,6.984,14.859,4.196,62.0,62.5,61.0,1612,0,56.7,0.22
171,6,0.0,19.36,1,24.7,53.400000000000006,772,96.4,54.6,-22.38,7.008,14.859,4.196,62.0,62.5,61.0,1612,0,56.7,0.22
172,6,0.0,26.33,1,26.1,56.99999999999999,777,96.6,55.7,-15.8,7.023,14.859,4.196,61.0,62.5,61.0,1612,0,56.7,0.23
173,5,0.0,34.34,1,31.4,64.0,856,96.8,58.5,-15.8,7.047,14.859,4.196,62.0,62.5,61.0,1612,0,56.6,0.22
174,5,0.0,36.4,1,34.0,64.60000000000001,905,97.0,58.9,-15.8,7.062,14.859,4.196,62.0,62.6,61.0,1612,0,56.6,0.22
175,5,0.0,37.33,1,34.9,64.60000000000001,879,97.2,59.0,-15.82,7.07,14.859,4.196,62.0,62.7,61.0,1612,0,56.6,0.23
176,6,0.0,37.83,1,35.099999999999994,64.60000000000001,844,97.5,59.0,-15.8,7.07,14.855,4.196,62.0,62.8,61.0,1612,0,56.6,0.23
177,6,0.0,38.17,1,35.199999999999996,64.60000000000001,815,97.7,59.0,-14.79,7.078,14.859,4.196,62.0,62.9,62.0,1612,0,56.6,0.23
178,6,0.0,41.35,1,37.3,67.60000000000001,806,98.0,60.0,-14.11,7.086,14.859,4.196,62.0,62.9,62.0,1612,0,56.6,0.23
179,6,0.0,41.92,1,39.2,68.5,815,98.2,60.3,-14.05,7.078,14.859,4.196,62.0,63.0,62.0,1612,0,56.6,0.23
180,7,0.0,41.91,1,39.800000000000004,68.60000000000001,811,98.4,60.4,-14.06,7.086,14.859,4.196,62.0,63.1,62.0,1612,0,56.6,0.22
181,7,0.0,41.93,1,39.900000000000006,68.60000000000001,802,98.6,60.4,-14.05,7.086,14.859,4.196,62.0,63.2,62.0,1612,0,56.6,0.23
182,7,0.0,41.47,1,39.900000000000006,68.4,794,98.8,60.4,-15.7,7.094,14.859,4.196,62.0,63.3,62.0,1612,0,56.6,0.24
183,8,0.0,37.13,1,37.1,64.7,778,99.0,59.0,-16.71,7.086,14.859,4.196,62.0,63.4,62.0,1612,0,56.6,0.22
184,8,0.0,34.3,1,34.2,62.5,750,99.2,58.2,-16.82,7.07,14.859,4.196,62.0,63.4,62.0,1612,0,56.6,0.23
185,8,0.0,33.39,1,33.1,62.3,736,99.4,57.9,-16.82,7.039,14.859,4.196,62.0,63.5,62.0,1612,0,56.5,0.22
186,8,0.0,33.29,1,32.6,62.2,737,99.5,57.9,-16.82,7.016,14.859,4.196,62.0,63.5,62.0,1612,0,56.5,0.23
187,8,0.0,33.24,1,32.5,62.2,741,99.6,57.8,-16.82,6.992,14.859,4.196,63.0,63.5,62.0,1612,0,56.5,0.22
188,8,0.0,33.21,1,32.5,62.2,745,99.7,57.8,-16.82,6.977,14.859,4.196,63.0,63.5,62.0,1612,0,56.5,0.23
189,8,0.0,33.13,1,32.5,62.2,748,99.9,57.9,-16.82,6.961,14.859,4.196,63.0,63.6,62.0,1612,0,56.5,0.23
190,8,0.0,33.12,1,32.5,62.2,750,100.0,57.9,-16.83,6.953,14.859,4.196,63.0,63.6,62.0,1612,0,56.5,0.23
191,8,0.0,33.02,1,32.5,62.2,751,100.2,57.9,-16.81,6.945,14.859,4.196,63.0,63.6,62.0,1612,0,56.5,0.23
192,8,0.0,33.09,1,32.5,62.2,751,100.4,58.0,-16.82,6.953,14.859,4.196,63.0,63.6,62.0,1612,0,56.5,0.23
193,8,0.0,33.07,1,32.5,62.2,752,100.6,58.0,-16.81,6.961,14.859,4.196,63.0,63.7,62.0,1612,0,56.5,0.23
194,8,0.0,33.05,1,32.4,62.2,751,100.8,58.0,-16.81,6.969,14.859,4.196,63.0,63.7,62.0,1612,0,56.5,0.23
195,8,0.0,33.1,1,32.4,62.2,751,101.0,58.1,-16.82,6.969,14.859,4.196,63.0,63.7,62.0,1612,0,56.5,0.24
196,9,0.0,33.02,1,32.4,62.2,751,101.2,58.0,-16.82,6.969,14.859,4.196,63.0,63.7,62.0,1612,0,56.5,0.23
197,8,0.0,33.1,1,32.5,62.2,751,101.3,58.0,-16.83,6.969,14.859,4.196,63.0,63.7,62.0,1612,0,56.5,0.23
198,8,0.0,33.07,1,32.5,62.2,751,101.5,58.0,-16.83,6.969,14.859,4.196,63.0,63.7,62.0,1612,0,56.5,0.23
199,7,0.0,33.07,1,32.4,62.2,751,101.7,58.0,-16.82,6.969,14.859,4.196,63.0,63.7,62.0,1612,0,56.5,0.23
200,7,0.0,33.04,1,32.5,62.2,751,101.8,58.1,-16.83,6.969,14.859,4.196,63.0,63.7,62.0,1612,0,56.4,0.24
201,6,0.0,33.05,1,32.4,62.2,751,102.0,58.0,-16.82,6.969,14.859,4.196,63.0,63.7,62.0,1612,0,56.5,0.23
202,5,0.0,33.1,1,32.4,62.2,751,102.1,58.1,-16.81,6.984,14.859,4.196,63.0,63.7,62.0,1612,0,56.4,0.22
203,5,0.0,33.15,1,32.5,62.2,751,102.3,58.0,-16.82,6.992,14.859,4.196,63.0,63.7,62.0,1612,0,56.4,0.23
204,5,0.0,33.24,1,32.5,62.2,751,102.5,58.0,-16.82,6.992,14.859,4.196,63.0,63.7,62.0,1612,0,56.4,0.23
205,5,0.0,33.11,1,32.5,62.2,750,102.6,58.0,-16.83,6.984,14.859,4.196,63.0,63.7,62.0,1612,0,56.4,0.23
206,5,0.0,33.12,1,32.4,62.2,750,102.8,58.0,-16.82,6.977,14.859,4.196,63.0,63.7,62.0,1612,0,56.4,0.23
207,5,0.0,33.19,1,32.4,62.2,750,103.0,58.1,-9.51,6.961,14.859,4.196,63.0,63.7,62.0,1612,0,56.4,0.24
208,5,0.0,44.14,1,38.0,70.7,777,103.1,60.7,-5.05,6.953,14.859,4.196,63.0,63.7,62.0,1612,0,56.4,0.23
209,6,0.0,44.51,1,52.300000000000004,80.2,872,103.3,64.7,-5.08,6.953,14.859,4.196,63.0,63.8,62.0,1612,0,56.4,0.23
210,7,0.0,43.48,1,63.2,81.89999999999999,971,103.7,67.2,-22.33,6.977,14.855,4.196,63.0,63.8,62.0,1612,0,56.3,0.25
211,8,0.0,41.06,1,53.6,74.2,981,104.0,64.0,-22.3,6.992,14.855,4.196,63.0,63.9,62.0,1612,0,56.4,0.23
212,8,0.0,41.58,1,45.1,70.1,910,104.2,61.9,-22.17,6.969,14.859,4.196,63.0,63.9,62.0,1612,0,56.3,0.23
213,7,0.0,40.05,1,40.1,67.30000000000001,845,104.4,60.2,-22.38,6.945,14.859,4.196,63.0,63.9,62.0,1612,0,56.3,0.23
214,6,0.0,38.2,1,36.8,65.0,801,104.5,59.2,-22.38,6.914,14.859,4.196,63.0,64.0,62.0,1612,0,56.3,0.22
215,5,0.0,34.61,1,34.300000000000004,63.0,772,104.6,58.3,-22.37,6.891,14.859,4.196,63.0,64.0,62.0,1612,0,56.3,0.22
216,4,0.0,31.16,1,32.300000000000004,61.1,751,104.5,57.6,-22.37,6.875,14.859,4.196,63.0,64.0,62.0,1612,0,56.3,0.23
217,3,0.0,27.93,1,30.5,59.3,737,104.4,56.7,-22.36,6.852,14.859,4.196,63.0,64.0,62.0,1612,0,56.3,0.21
218,2,0.0,24.75,1,28.799999999999997,57.599999999999994,727,104.2,56.1,-22.36,6.836,14.859,4.196,63.0,63.9,62.0,1612,0,56.2,0.22
219,1,0.0,22.03,1,27.3,55.800000000000004,719,104.1,55.6,-22.36,6.828,14.859,4.196,63.0,63.9,62.0,1612,0,56.2,0.23
220,0,0.0,19.61,1,25.8,54.0,714,104.1,55.1,-22.37,6.82,14.859,4.196,63.0,63.9,62.0,1612,0,56.2,0.24
221,0,0.0,19.5,1,24.9,53.400000000000006,712,104.1,54.8,-22.37,6.82,14.859,4.196,63.0,63.8,62.0,1612,0,56.2,0.23
222,0,0.0,19.5,1,24.6,53.400000000000006,723,104.2,54.8,-22.38,6.82,14.859,4.196,63.0,63.8,62.0,1612,0,56.2,0.23
223,0,0.0,19.47,1,24.5,53.400000000000006,737,104.3,54.8,-22.39,6.812,14.855,4.196,63.0,63.8,62.0,1612,0,56.2,0.23
224,0,0.0,19.52,1,24.5,53.400000000000006,748,104.5,54.8,-22.38,6.805,14.855,4.196,63.0,63.8,62.0,1612,0,56.2,0.23
225,0,0.0,19.53,1,24.5,53.400000000000006,755,104.6,54.8,-22.36,6.797,14.859,4.196,63.0,63.8,62.0,1612,0,56.2,0.22
226,0,0.0,19.49,1,24.5,53.400000000000006,760,104.8,54.8,-22.37,6.789,14.859,4.196,63.0,63.8,62.0,1612,0,56.1,0.23
227,0,0.0,19.53,1,24.5,53.400000000000006,763,105.0,54.8,-22.39,6.781,14.859,4.196,63.0,63.7,62.0,1612,0,56.1,0.22
228,0,0.0,19.55,1,24.5,53.400000000000006,765,105.2,54.8,-22.38,6.773,14.859,4.196,63.0,63.7,62.0,1612,0,56.1,0.22
229,0,0.0,24.77,1,25.3,55.800000000000004,768,105.5,55.4,-11.94,6.773,14.859,4.196,63.0,63.6,62.0,1612,0,56.1,0.23
230,0,0.0,38.79,1,31.3,66.10000000000001,836,105.7,58.8,-7.76,6.766,14.855,4.196,63.0,63.6,62.0,1612,0,56.1,0.24
231,1,0.0,42.74,1,43.6,76.3,935,106.1,63.2,-7.75,6.773,14.855,4.196,63.0,63.7,62.0,1612,0,56.1,0.23
232,2,0.0,41.97,1,54.300000000000004,78.7,1025,106.5,65.2,-7.82,6.805,14.855,4.196,63.0,63.8,62.0,1612,0,56.1,0.24
233,3,0.0,42.2,1,57.599999999999994,78.8,1021,106.8,65.9,-7.73,6.828,14.855,4.196,63.0,63.9,62.0,1612,0,56.1,0.25
234,5,0.0,42.38,1,58.199999999999996,78.9,990,107.1,66.1,-7.75,6.844,14.852,4.196,63.0,64.0,63.0,1612,0,56.0,0.24
235,6,0.0,42.39,1,57.99999999999999,78.8,964,107.4,66.0,-7.73,6.875,14.852,4.196,63.0,64.1,62.0,1612,0,56.1,0.24
236,8,0.0,42.36,1,57.99999999999999,78.9,948,107.6,65.7,-7.91,6.891,14.852,4.196,63.0,64.1,63.0,1612,0,56.0,0.23
237,9,0.0,41.13,1,53.1,74.4,931,107.8,64.0,-11.71,6.898,14.855,4.196,64.0,64.2,63.0,1612,0,56.0,0.23
238,9,0.0,42.09,1,48.1,73.1,888,107.9,62.8,-11.7,6.875,14.855,4.196,64.0,64.3,63.0,1612,0,56.0,0.22
239,10,0.0,42.18,1,46.7,73.1,860,107.9,62.7,-11.7,6.859,14.855,4.196,64.0,64.4,63.0,1611,0,56.0,0.22
240,11,0.0,42.18,1,46.400000000000006,73.1,849,107.8,62.6,-11.78,6.836,14.859,4.196,64.0,64.5,63.0,1611,0,56.0,0.23
241,11,0.0,42.22,1,46.300000000000004,73.1,844,107.8,62.5,-11.77,6.82,14.859,4.196,64.0,64.5,63.0,1611,0,56.0,0.22
242,12,0.0,42.14,1,46.400000000000006,73.1,842,107.7,62.6,-11.77,6.82,14.859,4.196,64.0,64.6,63.0,1611,0,56.0,0.24
243,12,0.0,42.13,1,46.5,73.1,840,107.6,62.5,-11.76,6.82,14.859,4.196,64.0,64.7,63.0,1611,0,56.0,0.22
244,12,0.0,42.07,1,46.6,73.1,839,107.6,62.6,-11.72,6.82,14.859,4.196,64.0,64.8,63.0,1611,0,56.0,0.23
245,11,0.0,42.03,1,46.6,73.2,839,107.6,62.7,-11.72,6.805,14.859,4.196,64.0,64.9,63.0,1611,0,55.9,0.23
246,11,0.0,42.18,1,46.7,73.2,839,107.6,62.7,-11.71,6.797,14.859,4.196,64.0,64.9,63.0,1611,0,55.9,0.24
247,11,0.0,42.08,1,46.800000000000004,73.2,838,107.7,62.7,-11.71,6.789,14.859,4.196,64.0,65.0,63.0,1611,0,55.9,0.24
248,11,0.0,42.09,1,46.9,73.2,838,107.9,62.7,-11.71,6.781,14.859,4.196,64.0,65.0,63.0,1611,0,55.9,0.24
249,11,0.0,42.07,1,46.9,73.2,838,108.1,62.7,-11.71,6.781,14.859,4.196,64.0,65.1,63.0,1611,0,55.9,0.23
250,11,0.0,42.05,1,47.0,73.2,838,108.3,62.7,-11.72,6.781,14.859,4.196,64.0,65.2,63.0,1611,0,55.9,0.23
251,11,0.0,42.08,1,47.0,73.2,837,108.5,62.8,-11.73,6.781,14.859,4.196,64.0,65.3,63.0,1611,0,55.9,0.23
252,10,0.0,42.06,1,47.0,73.2,837,108.6,62.7,-11.71,6.781,14.859,4.196,64.0,65.4,63.0,1611,0,55.9,0.23
253,10,0.0,41.95,1,47.099999999999994,73.2,836,108.8,62.7,-11.72,6.781,14.859,4.196,64.0,65.5,63.0,1611,0,55.8,0.23
254,11,0.0,41.96,1,47.099999999999994,73.2,835,109.1,62.8,-11.7,6.781,14.859,4.196,64.0,65.5,63.0,1611,0,55.8,0.23
255,11,0.0,41.9,1,47.099999999999994,73.2,836,109.3,62.8,-11.71,6.805,14.859,4.196,64.0,65.6,63.0,1611,0,55.8,0.24
256,11,0.0,42.06,1,47.0,73.2,835,109.4,62.9,-11.71,6.82,14.859,4.196,64.0,65.7,63.0,1611,0,55.8,0.22
257,11,0.0,42.03,1,47.0,73.2,834,109.6,62.8,-11.71,6.844,14.859,4.196,65.0,65.7,63.0,1611,0,55.8,0.23
258,12,0.0,41.97,1,47.0,73.2,835,109.8,62.9,-11.71,6.867,14.855,4.196,65.0,65.8,63.0,1611,0,55.8,0.23
259,12,0.0,42.02,1,47.0,73.2,835,109.9,62.9,-11.71,6.891,14.855,4.196,65.0,65.9,63.0,1611,0,55.8,0.23
260,12,0.0,41.93,1,47.0,73.2,835,110.1,62.9,-11.71,6.914,14.859,4.196,65.0,66.0,63.0,1611,0,55.7,0.23
261,12,0.0,41.9,1,47.0,73.2,834,110.3,63.0,-11.71,6.93,14.859,4.196,65.0,66.0,63.0,1611,0,55.7,0.22
262,12,0.0,41.25,1,45.5,71.1,834,110.4,62.5,-22.26,6.945,14.859,4.196,65.0,66.1,63.0,1611,0,55.7,0.23
263,12,0.0,38.89,1,40.1,66.3,809,110.6,60.2,-13.77,6.945,14.859,4.196,65.0,66.2,63.0,1611,0,55.7,0.22
264,12,0.0,41.82,1,39.800000000000004,69.3,788,110.8,61.1,-13.31,6.945,14.859,4.196,65.0,66.2,63.0,1611,0,55.7,0.22
265,12,0.0,42.16,1,41.199999999999996,69.89999999999999,809,111.0,61.2,-13.46,6.945,14.859,4.196,66.0,66.3,63.0,1611,0,55.7,0.23
266,12,0.0,42.06,1,41.6,69.89999999999999,813,111.1,61.3,-13.43,6.945,14.859,4.196,66.0,66.4,63.0,1611,0,55.7,0.22
267,12,0.0,41.07,1,41.099999999999994,68.8,808,111.3,61.1,-22.2,6.938,14.859,4.196,66.0,66.4,63.0,1611,0,55.6,0.23
268,12,0.0,37.63,1,37.4,64.8,788,111.5,59.5,-22.36,6.914,14.859,4.196,66.0,66.5,63.0,1611,0,55.6,0.24
269,11,0.0,32.45,1,34.1,62.0,756,111.7,58.5,-22.35,6.898,14.859,4.196,66.0,66.5,63.0,1611,0,55.6,0.22
270,11,0.0,29.07,1,31.6,59.9,734,111.9,57.7,-22.31,6.875,14.859,4.196,66.0,66.5,63.0,1611,0,55.6,0.24
271,10,0.0,25.43,1,29.7,57.9,720,112.1,57.0,-22.36,6.859,14.859,4.196,66.0,66.5,63.0,1611,0,55.6,0.22
272,10,0.0,22.56,1,28.000000000000004,56.10000000000001,712,112.3,56.2,-19.39,6.844,14.859,4.196,66.0,66.4,63.0,1611,0,55.6,0.23
273,10,0.0,26.67,1,27.6,57.599999999999994,710,112.5,56.4,-16.5,6.828,14.855,4.196,66.0,66.3,63.0,1611,0,55.6,0.23
274,10,0.0,42.17,1,33.0,67.30000000000001,772,112.7,59.9,-12.77,6.812,14.855,4.196,66.0,66.3,63.0,1611,0,55.5,0.23
275,10,0.0,41.22,1,40.300000000000004,71.1,871,112.9,61.8,-12.75,6.82,14.855,4.196,66.0,66.4,63.0,1611,0,55.6,0.23
276,10,0.0,41.62,1,42.8,71.2,907,113.1,62.0,-12.67,6.828,14.855,4.196,66.0,66.5,63.0,1611,0,55.5,0.23
277,10,0.0,41.93,1,43.5,71.1,882,113.2,62.2,-22.21,6.844,14.855,4.196,66.0,66.6,63.0,1611,0,55.5,0.23
278,10,0.0,38.55,1,39.6,66.3,844,113.5,60.4,-22.38,6.852,14.855,4.196,66.0,66.6,63.0,1611,0,55.5,0.23
279,11,0.0,33.58,1,35.3,62.7,792,113.8,59.0,-22.36,6.859,14.855,4.196,66.0,66.7,63.0,1611,0,55.5,0.23
280,11,0.0,29.84,1,32.2,60.199999999999996,752,114.0,58.0,-22.39,6.859,14.855,4.196,66.0,66.7,63.0,1611,0,55.5,0.23
281,10,0.0,25.82,1,29.9,58.199999999999996,729,114.2,57.1,-22.38,6.859,14.855,4.196,66.0,66.7,63.0,1611,0,55.5,0.23
282,10,0.0,23.15,1,28.1,56.2,716,114.5,56.3,-22.37,6.859,14.855,4.196,66.0,66.6,63.0,1611,0,55.4,0.23
283,9,0.0,19.97,1,26.5,54.300000000000004,708,114.6,55.5,-22.38,6.859,14.855,4.196,66.0,66.6,63.0,1611,0,55.4,0.23
284,9,0.0,19.23,1,25.4,53.400000000000006,704,114.7,55.1,-22.38,6.859,14.855,4.196,66.0,66.5,63.0,1611,0,55.4,0.24
285,7,0.0,19.19,1,24.9,53.400000000000006,713,114.8,55.1,-22.37,6.859,14.855,4.196,66.0,66.5,63.0,1611,0,55.4,0.23
286,7,0.0,19.17,1,24.7,53.400000000000006,728,114.9,55.2,-22.36,6.867,14.855,4.196,66.0,66.4,63.0,1611,0,55.4,0.24
287,6,0.0,19.63,1,24.8,53.6,741,115.1,55.1,-18.58,6.875,14.855,4.196,66.0,66.4,63.0,1611,0,55.4,0.23
288,6,0.0,26.71,1,26.6,58.099999999999994,765,115.2,56.9,-14.25,6.875,14.855,4.196,66.0,66.3,63.0,1611,0,55.4,0.23
289,6,0.0,40.03,1,33.2,67.10000000000001,840,115.4,60.1,-14.25,6.883,14.855,4.196,66.0,66.3,63.0,1611,0,55.4,0.23
290,7,0.0,40.68,1,37.6,68.10000000000001,914,115.6,60.8,-14.26,6.906,14.855,4.196,66.0,66.4,63.0,1611,0,55.4,0.23
291,6,0.0,40.9,1,39.0,68.2,899,115.7,60.7,-14.24,6.922,14.855,4.196,66.0,66.5,63.0,1611,0,55.3,0.23
292,6,0.0,37.32,1,37.8,65.60000000000001,860,115.7,60.0,-22.27,6.938,14.855,4.196,66.0,66.5,63.0,1611,0,55.3,0.24
293,5,0.0,30.6,1,33.800000000000004,61.199999999999996,805,115.9,58.4,-22.35,6.938,14.855,4.196,66.0,66.6,63.0,1611,0,55.3,0.24
294,4,0.0,26.6,1,30.599999999999998,58.3,755,116.2,57.4,-22.32,6.938,14.855,4.196,66.0,66.6,63.0,1611,0,55.3,0.24
295,3,0.0,22.93,1,28.1,55.900000000000006,725,116.4,56.4,-22.35,6.938,14.852,4.196,66.0,66.5,63.0,1611,0,55.3,0.23
296,3,0.0,20.18,1,26.200000000000003,53.900000000000006,708,116.6,55.6,-22.36,6.938,14.852,4.196,66.0,66.4,63.0,1611,0,55.3,0.23
297,2,0.0,19.28,1,25.1,53.400000000000006,703,116.8,55.1,-22.28,6.93,14.852,4.196,66.0,66.4,63.0,1611,0,55.3,0.23
298,2,0.0,19.15,1,24.7,53.400000000000006,714,116.8,55.3,-15.64,6.922,14.852,4.196,66.0,66.3,63.0,1611,0,55.2,0.24
299,1,0.0,30.11,1,27.200000000000003,59.9,747,116.9,57.3,-1.83,6.914,14.848,4.196,66.0,66.3,63.0,1611,0,55.2,0.24
300,1,0.0,41.92,1,36.1,70.7,842,116.9,61.0,12.84,6.906,14.848,4.196,66.0,66.3,63.0,1611,0,55.2,0.24
301,1,0.0,42.83,1,50.8,80.0,942,116.9,65.3,12.77,6.93,14.848,4.196,66.0,66.4,63.0,1611,0,55.2,0.24
302,1,0.0,44.72,1,69.0,87.4,1042,116.8,69.5,-21.86,6.992,14.844,4.196,65.0,66.5,63.0,1611,0,55.2,0.26
303,1,0.0,40.54,1,68.0,80.80000000000001,1130,117.0,69.5,-22.2,7.07,14.844,4.196,66.0,66.5,63.0,1611,0,55.2,0.26
304,0,0.0,40.67,1,55.1,75.3,1072,117.3,65.5,-22.21,7.078,14.848,4.196,66.0,66.6,63.0,1611,0,55.2,0.25
305,0,0.0,41.27,1,47.3,71.7,974,117.5,63.2,-22.38,7.055,14.848,4.196,66.0,66.7,63.0,1611,0,55.1,0.24
306,0,0.0,41.05,1,42.1,68.7,892,117.5,61.8,-22.21,7.031,14.848,4.196,66.0,66.7,63.0,1611,0,55.1,0.25
307,0,0.0,38.93,1,38.4,66.2,837,117.5,60.2,-22.3,7.008,14.848,4.196,66.0,66.8,63.0,1611,0,55.1,0.24
308,0,0.0,36.13,1,35.5,64.0,799,117.4,59.4,-22.33,6.984,14.848,4.196,66.0,66.8,63.0,1610,0,55.1,0.24
309,0,0.0,32.05,1,33.2,62.0,771,117.3,58.6,-22.33,6.969,14.848,4.196,66.0,66.8,63.0,1610,0,55.1,0.23
310,0,0.0,29.1,1,31.3,60.099999999999994,752,117.2,57.7,-22.32,6.953,14.848,4.196,66.0,66.8,63.0,1610,0,55.1,0.23
311,0,0.0,25.59,1,29.5,58.3,739,117.0,57.0,-22.34,6.945,14.852,4.196,66.0,66.7,63.0,1610,0,55.1,0.23
312,0,0.0,22.68,1,27.900000000000002,56.39999999999999,729,116.8,56.2,-22.36,6.945,14.852,4.196,66.0,66.7,63.0,1610,0,55.0,0.23
313,0,0.0,19.99,1,26.3,54.50000000000001,721,116.8,55.6,-22.36,6.945,14.852,4.196,66.0,66.7,63.0,1610,0,55.0,0.23
314,0,0.0,19.4,1,25.2,53.400000000000006,716,116.8,55.3,-22.36,6.953,14.852,4.196,66.0,66.6,63.0,1610,0,55.0,0.23
315,0,0.0,19.33,1,24.7,53.400000000000006,723,116.8,55.3,-22.36,6.969,14.848,4.196,66.0,66.5,64.0,1610,0,55.0,0.24
316,0,0.0,19.32,1,24.6,53.400000000000006,737,116.9,55.1,-22.35,6.984,14.848,4.196,66.0,66.5,63.0,1610,0,55.0,0.23
317,0,0.0,19.35,1,24.5,53.400000000000006,749,117.1,55.2,-22.32,7.0,14.848,4.196,66.0,66.4,64.0,1610,0,55.0,0.23
318,0,0.0,19.4,1,24.5,53.400000000000006,757,117.3,55.1,-22.32,7.023,14.844,4.196,66.0,66.4,64.0,1610,0,55.0,0.23
319,0,0.0,19.42,1,24.5,53.400000000000006,763,117.6,55.2,-22.3,7.039,14.848,4.196,66.0,66.3,64.0,1610,0,55.0,0.25
320,0,0.0,19.39,1,24.5,53.400000000000006,767,117.7,55.1,-22.3,7.055,14.844,4.196,66.0,66.3,64.0,1610,0,55.0,0.23
321,0,0.0,19.42,1,24.5,53.400000000000006,769,117.9,55.2,-22.3,7.07,14.84,4.196,65.0,66.2,64.0,1610,0,55.0,0.24
322,0,0.0,19.43,1,24.5,53.400000000000006,770,118.0,55.2,-22.3,7.086,14.84,4.196,65.0,66.1,64.0,1610,0,55.0,0.23
323,0,0.0,19.45,1,24.5,53.400000000000006,771,118.1,55.2,-22.31,7.094,14.836,4.196,65.0,66.1,64.0,1610,0,54.9,0.23
324,0,0.0,19.44,1,24.5,53.400000000000006,771,118.2,55.2,-22.3,7.094,14.836,4.196,65.0,66.0,64.0,1610,0,55.0,0.23
325,0,0.0,19.42,1,24.5,53.400000000000006,771,118.4,55.2,-22.31,7.102,14.836,4.196,65.0,65.9,64.0,1610,0,54.9,0.23
326,0,0.0,19.44,1,24.5,53.400000000000006,771,118.7,55.3,-22.32,7.109,14.836,4.196,65.0,65.8,64.0,1610,0,54.9,0.23
327,0,0.0,19.44,1,24.5,53.400000000000006,770,118.8,55.3,-22.3,7.117,14.84,4.196,65.0,65.8,64.0,1610,0,54.9,0.23
328,0,0.0,19.5,1,24.5,53.400000000000006,770,119.0,55.3,-22.32,7.125,14.836,4.196,65.0,65.7,64.0,1610,0,54.9,0.24
329,0,0.0,19.51,1,24.5,53.400000000000006,770,119.1,55.2,-22.32,7.133,14.84,4.196,64.0,65.6,64.0,1610,0,54.9,0.24
330,0,0.0,19.45,1,24.5,53.400000000000006,769,119.3,55.3,-21.9,7.148,14.84,4.196,64.0,65.5,64.0,1610,0,54.9,0.23
331,0,0.0,27.23,1,26.1,57.599999999999994,775,119.4,56.7,-12.93,7.156,14.836,4.196,64.0,65.5,64.0,1610,0,54.9,0.24
332,0,0.0,42.37,1,33.2,67.9,856,119.4,60.4,-6.14,7.188,14.832,4.196,64.0,65.4,64.0,1610,0,54.9,0.24
333,0,0.0,42.59,1,46.2,77.60000000000001,955,119.5,63.9,-3.34,7.234,14.82,4.196,64.0,65.5,64.0,1610,0,54.8,0.24
334,0,0.0,43.99,1,63.3,85.0,1043,119.7,68.0,-1.11,7.305,14.809,4.196,64.0,65.5,64.0,1610,0,54.8,0.24
335,0,0.0,44.37,1,71.89999999999999,85.5,1095,119.9,70.2,2.62,7.398,14.801,4.196,64.0,65.6,64.0,1610,0,54.8,0.25
336,0,0.0,44.05,1,76.9,86.8,1115,120.2,72.1,4.96,7.5,14.801,4.196,64.0,65.6,64.0,1610,0,54.8,0.27
337,0,0.0,44.07,1,80.80000000000001,88.1,1139,120.4,73.6,7.7,7.586,14.809,4.196,64.0,65.7,64.0,1610,0,54.8,0.27
338,0,0.0,44.68,1,84.2,89.7,1173,120.4,75.0,10.27,7.656,14.809,4.196,64.0,65.7,64.0,1610,0,54.8,0.28
339,0,0.0,45.42,1,86.5,90.7,1211,120.0,75.7,12.67,7.711,14.82,4.196,64.0,65.8,64.0,1610,0,54.8,0.28
340,0,0.0,44.94,1,90.7,92.30000000000001,1252,119.5,77.4,18.32,7.75,14.82,4.196,65.0,65.9,64.0,1610,0,54.7,0.28
341,0,0.0,45.68,1,93.5,93.4,1303,118.7,78.7,23.25,7.812,14.824,4.196,65.0,66.0,64.0,1610,0,54.7,0.3
342,0,0.0,44.85,1,95.39999999999999,93.89999999999999,1352,117.8,80.1,22.9,7.859,14.82,4.196,65.0,66.0,64.0,1610,0,54.7,0.29
343,0,0.0,45.19,1,95.5,93.89999999999999,1386,116.7,80.2,23.13,7.898,14.824,4.196,65.0,66.1,64.0,1610,0,54.7,0.29
344,0,0.0,44.72,1,95.6,93.89999999999999,1405,115.7,80.1,22.91,7.922,14.828,4.196,65.0,66.2,64.0,1610,0,54.7,0.29
345,0,0.0,44.71,1,95.5,93.89999999999999,1415,114.9,80.0,23.07,7.922,14.832,4.196,66.0,66.3,64.0,1610,0,54.7,0.29
346,0,0.0,44.74,1,95.6,93.8,1421,114.2,80.2,23.06,7.898,14.828,4.196,66.0,66.4,64.0,1610,0,54.6,0.29
347,0,0.0,44.54,1,95.6,93.8,1424,113.3,80.2,23.16,7.875,14.797,4.196,66.0,66.6,64.0,1610,0,54.6,0.29
348,0,0.0,44.9,1,95.6,93.7,1425,112.5,80.0,23.15,7.852,14.793,4.196,66.0,66.7,64.0,1610,0,54.6,0.28
349,0,0.0,44.23,1,95.6,93.60000000000001,1425,111.8,79.7,23.12,7.836,14.805,4.196,66.0,66.8,64.0,1610,0,54.6,0.3
350,0,0.0,44.39,1,95.6,93.60000000000001,1425,111.3,80.0,23.09,7.805,14.809,4.196,66.0,67.0,64.0,1610,0,54.6,0.29
351,0,0.0,44.48,1,95.6,93.60000000000001,1425,110.8,79.8,23.14,7.773,14.816,4.196,66.0,67.2,64.0,1610,0,54.5,0.29
352,0,0.0,44.42,1,95.5,93.60000000000001,1426,110.4,79.9,23.14,7.734,14.824,4.196,66.0,67.3,64.0,1610,0,54.5,0.29
353,0,0.0,44.5,1,95.5,93.7,1426,110.0,79.8,23.1,7.695,14.828,4.196,66.0,67.5,64.0,1610,0,54.5,0.29
354,0,0.0,44.71,1,95.5,93.8,1428,109.7,79.8,23.14,7.672,14.832,4.196,67.0,67.7,64.0,1610,0,54.5,0.3
355,0,0.0,44.09,1,95.6,93.8,1430,109.6,79.9,23.05,7.648,14.836,4.196,67.0,67.9,64.0,1610,0,54.5,0.3
356,0,0.0,44.05,1,95.5,93.89999999999999,1432,109.4,80.0,23.12,7.633,14.84,4.196,67.0,68.0,64.0,1610,0,54.5,0.3
357,0,0.0,44.2,1,95.5,93.7,1433,109.2,80.0,23.07,7.617,14.844,4.196,67.0,68.2,64.0,1610,0,54.4,0.29
358,0,0.0,44.46,1,95.39999999999999,93.7,1430,109.1,80.0,-1.82,7.602,14.844,4.196,67.0,68.4,64.0,1610,0,54.4,0.29
359,0,0.0,40.03,1,76.6,83.3,1400,109.2,73.9,-22.3,7.531,14.844,4.196,67.0,68.6,64.0,1610,0,54.4,0.26
360,0,0.0,40.24,1,59.699999999999996,77.2,1304,109.5,66.7,-22.38,7.398,14.848,4.196,67.0,68.8,64.0,1610,0,54.4,0.25
361,0,0.0,40.38,1,49.8,72.7,1204,110.0,63.4,-22.26,7.266,14.848,4.196,67.0,69.0,64.0,1610,0,54.4,0.24
362,0,0.0,40.34,1,43.1,69.0,1104,110.4,61.0,-22.23,7.141,14.848,4.196,67.0,69.1,64.0,1610,0,54.4,0.24
363,0,0.0,38.54,1,38.5,65.9,1004,110.8,59.4,-22.34,7.039,14.848,4.196,67.0,69.2,64.0,1610,0,54.4,0.25
364,0,0.0,33.98,1,35.099999999999994,63.3,904,111.1,58.5,-22.36,6.961,14.848,4.196,67.0,69.4,64.0,1610,0,54.4,0.24
365,0,0.0,29.65,1,32.300000000000004,60.9,828,111.8,57.9,-22.36,6.891,14.848,4.196,67.0,69.5,64.0,1610,0,54.4,0.24
366,0,0.0,25.81,1,30.099999999999998,58.699999999999996,799,112.6,56.9,-22.36,6.852,14.848,4.196,67.0,69.5,64.0,1610,0,54.4,0.24
367,0,0.0,22.33,1,28.199999999999996,56.49999999999999,779,113.4,56.1,-22.37,6.805,14.844,4.196,68.0,69.6,64.0,1610,0,54.3,0.24
368,0,0.0,19.4,1,26.5,54.400000000000006,764,114.6,55.2,-22.38,6.781,14.848,4.196,68.0,69.6,64.0,1610,0,54.3,0.24
369,0,0.0,18.28,1,25.2,53.400000000000006,755,116.1,54.7,-22.37,6.758,14.848,4.196,68.0,69.6,64.0,1610,0,54.3,0.23
370,0,0.0,18.3,1,24.7,53.400000000000006,762,117.4,54.6,-22.37,6.758,14.848,4.196,67.0,69.6,64.0,1610,0,54.3,0.24
371,0,0.0,18.3,1,24.6,53.400000000000006,775,118.8,54.7,-22.37,6.758,14.848,4.196,67.0,69.6,64.0,1610,0,54.3,0.23
372,0,0.0,18.33,1,24.5,53.300000000000004,785,120.3,54.8,-22.38,6.75,14.848,4.196,68.0,69.6,64.0,1610,0,54.3,0.23
373,0,0.0,18.41,1,24.4,53.400000000000006,792,121.8,54.8,-22.37,6.75,14.848,4.196,67.0,69.6,64.0,1610,0,54.3,0.23
374,0,0.0,18.41,1,24.4,53.400000000000006,797,123.1,54.8,-22.38,6.742,14.848,4.196,67.0,69.6,64.0,1610,0,54.3,0.23
375,0,0.0,18.43,1,24.4,53.400000000000006,799,124.3,54.8,-22.37,6.742,14.852,4.196,68.0,69.6,64.0,1610,0,54.3,0.23
376,0,0.0,18.41,1,24.4,53.300000000000004,800,125.6,54.8,-22.38,6.734,14.844,4.196,68.0,69.6,64.0,1610,0,54.3,0.24
377,0,0.0,18.51,1,24.4,53.400000000000006,799,126.9,54.9,-22.38,6.734,14.836,4.196,67.0,69.6,64.0,1610,0,54.3,0.22
378,0,0.0,18.57,1,24.4,53.400000000000006,798,128.1,54.9,-22.37,6.734,14.828,4.196,67.0,69.6,64.0,1609,0,54.2,0.23
379,0,0.0,18.55,1,24.4,53.400000000000006,798,129.4,54.9,-22.36,6.727,14.828,4.196,67.0,69.6,64.0,1609,0,54.2,0.23
380,0,0.0,18.56,1,24.4,53.400000000000006,795,130.2,54.8,-22.36,6.727,14.832,4.196,67.0,69.5,64.0,1609,0,54.2,0.23
381,0,0.0,18.6,1,24.4,53.400000000000006,793,130.8,55.0,-22.36,6.719,14.836,4.196,67.0,69.5,64.0,1609,0,54.2,0.23
382,0,0.0,18.63,1,24.4,53.400000000000006,790,131.3,55.0,-22.36,6.719,14.832,4.196,67.0,69.5,64.0,1609,0,54.2,0.23
383,0,0.0,18.62,1,24.4,53.400000000000006,788,131.9,55.0,-22.38,6.719,14.828,4.196,67.0,69.4,64.0,1609,0,54.2,0.23
384,0,0.0,18.62,1,24.4,53.400000000000006,786,132.5,54.9,-22.36,6.727,14.824,4.196,67.0,69.4,64.0,1609,0,54.2,0.23
385,0,0.0,18.64,1,24.5,53.400000000000006,785,133.2,55.0,-22.36,6.734,14.82,4.196,67.0,69.3,64.0,1609,0,54.2,0.22
386,0,0.0,18.66,1,24.5,53.400000000000006,783,133.7,55.0,-22.37,6.734,14.82,4.196,67.0,69.3,64.0,1609,0,54.2,0.23
387,0,0.0,18.66,1,24.4,53.400000000000006,782,134.3,55.1,-22.37,6.75,14.824,4.196,67.0,69.2,64.0,1609,0,54.2,0.23
388,0,0.0,18.66,1,24.4,53.400000000000006,780,134.8,55.0,-22.36,6.766,14.828,4.196,67.0,69.2,64.0,1609,0,54.2,0.24
389,0,0.0,18.71,1,24.4,53.400000000000006,779,135.4,55.1,-22.37,6.773,14.832,4.196,67.0,69.1,64.0,1609,0,54.2,0.24
390,0,0.0,18.69,1,24.4,53.400000000000006,777,135.9,55.1,-22.36,6.789,14.832,4.196,67.0,69.1,64.0,1609,0,54.1,0.23
391,0,0.0,18.7,1,24.4,53.400000000000006,776,136.4,55.1,-22.36,6.812,14.832,4.196,67.0,69.0,64.0,1609,0,54.1,0.23
392,0,0.0,18.73,1,24.4,53.400000000000006,774,136.9,55.1,-22.38,6.836,14.832,4.196,67.0,68.9,64.0,1609,0,54.1,0.23
393,0,0.0,18.73,1,24.3,53.400000000000006,773,137.4,55.1,-22.38,6.852,14.836,4.196,67.0,68.8,64.0,1609,0,54.1,0.23
394,0,0.0,18.7,1,24.3,53.400000000000006,772,137.8,55.2,-22.37,6.859,14.84,4.196,67.0,68.7,64.0,1609,0,54.1,0.23
395,0,0.0,18.73,1,24.3,53.400000000000006,771,138.2,55.2,-22.38,6.867,14.84,4.196,67.0,68.7,64.0,1609,0,54.1,0.23
396,0,0.0,18.68,1,24.4,53.400000000000006,770,138.5,55.1,-22.36,6.875,14.836,4.196,67.0,68.6,64.0,1609,0,54.1,0.23
397,0,0.0,18.73,1,24.5,53.400000000000006,769,138.7,55.2,-22.37,6.891,14.828,4.196,67.0,68.5,64.0,1609,0,54.1,0.24
398,0,0.0,18.79,1,24.5,53.400000000000006,769,139.0,55.1,-22.36,6.914,14.816,4.196,67.0,68.4,64.0,1609,0,54.1,0.24
399,0,0.0,18.8,1,24.6,53.400000000000006,767,139.2,55.2,-22.37,6.93,14.816,4.196,67.0,68.3,64.0,1609,0,54.1,0.23
400,0,0.0,18.81,1,24.7,53.400000000000006,766,139.3,55.2,-22.39,6.961,14.813,4.196,67.0,68.3,64.0,1609,0,54.0,0.23
401,0,0.0,18.77,1,24.6,53.400000000000006,765,139.5,55.2,-22.37,6.984,14.816,4.196,67.0,68.2,64.0,1609,0,54.0,0.24
402,0,0.0,18.74,1,24.5,53.400000000000006,763,139.7,55.2,-22.36,7.016,14.82,4.196,67.0,68.1,64.0,1609,0,54.0,0.24
403,0,0.0,18.79,1,24.5,53.400000000000006,763,139.7,55.3,-22.37,7.047,14.824,4.196,67.0,68.0,64.0,1609,0,54.0,0.23
404,0,0.0,18.73,1,24.4,53.400000000000006,763,139.8,55.2,-22.36,7.078,14.828,4.196,67.0,67.9,64.0,1609,0,54.0,0.23
405,0,0.0,18.73,1,24.4,53.400000000000006,762,139.8,55.2,-22.37,7.109,14.828,4.196,67.0,67.8,64.0,1609,0,54.0,0.23
406,0,0.0,18.77,1,24.4,53.400000000000006,762,139.8,55.3,-22.34,7.141,14.828,4.196,67.0,67.7,64.0,1609,0,54.0,0.23
407,0,0.0,18.76,1,24.4,53.400000000000006,762,139.9,55.2,-22.37,7.18,14.832,4.196,67.0,67.7,64.0,1609,0,54.0,0.23
408,0,0.0,18.75,1,24.4,53.400000000000006,762,140.0,55.2,-22.36,7.211,14.832,4.196,67.0,67.6,64.0,1609,0,54.0,0.22
409,0,0.0,18.78,1,24.5,53.400000000000006,761,140.1,55.2,-22.37,7.242,14.832,4.196,66.0,67.5,64.0,1609,0,54.0,0.23
410,0,0.0,18.84,1,24.5,53.400000000000006,761,140.3,55.3,-22.36,7.281,14.828,4.196,66.0,67.4,64.0,1609,0,54.0,0.24
411,0,0.0,18.81,1,24.5,53.400000000000006,760,140.5,55.2,-22.38,7.328,14.828,4.196,66.0,67.3,64.0,1609,0,53.9,0.23
412,0,0.0,18.8,1,24.5,53.400000000000006,760,140.7,55.2,-22.36,7.359,14.828,4.196,66.0,67.3,64.0,1609,0,53.9,0.23
413,0,0.0,18.86,1,24.6,53.400000000000006,759,140.8,55.3,-22.36,7.391,14.828,4.196,66.0,67.2,64.0,1609,0,53.9,0.23
414,0,0.0,18.85,1,24.5,53.400000000000006,759,141.0,55.2,-22.34,7.406,14.828,4.196,66.0,67.1,64.0,1609,0,53.9,0.22
415,0,0.0,18.88,1,24.5,53.400000000000006,758,141.1,55.3,-22.37,7.414,14.832,4.196,66.0,67.1,64.0,1609,0,53.9,0.23
416,0,0.0,18.88,1,24.5,53.400000000000006,757,141.2,55.2,-22.36,7.406,14.832,4.196,66.0,67.0,64.0,1609,0,53.9,0.23
417,0,0.0,18.85,1,24.4,53.400000000000006,757,141.2,55.2,-22.37,7.383,14.832,4.196,66.0,66.9,64.0,1609,0,53.9,0.23
418,0,0.0,18.9,1,24.5,53.400000000000006,758,141.3,55.2,-22.36,7.352,14.832,4.196,66.0,66.8,64.0,1609,0,53.9,0.23
419,0,0.0,18.88,1,24.5,53.400000000000006,757,141.4,55.2,-22.36,7.32,14.828,4.196,66.0,66.8,64.0,1609,0,53.9,0.23
420,0,0.0,18.86,1,24.4,53.400000000000006,756,141.4,55.2,-22.37,7.289,14.832,4.196,66.0,66.7,64.0,1609,0,53.9,0.22
421,0,0.0,18.83,1,24.4,53.400000000000006,756,141.5,55.2,-22.37,7.25,14.832,4.196,66.0,66.6,64.0,1609,0,53.9,0.23
422,0,0.0,18.85,1,24.4,53.400000000000006,756,141.5,55.4,-22.36,7.219,14.832,4.196,66.0,66.6,64.0,1609,0,53.8,0.23
423,0,0.0,18.87,1,24.5,53.400000000000006,756,141.5,55.3,-22.38,7.195,14.828,4.196,66.0,66.5,64.0,1609,0,53.8,0.23
424,0,0.0,18.85,1,24.5,53.400000000000006,755,141.4,55.4,-22.35,7.172,14.828,4.196,66.0,66.4,64.0,1609,0,53.9,0.24
425,0,0.0,18.84,1,24.5,53.400000000000006,754,141.3,55.3,-22.36,7.156,14.824,4.196,66.0,66.3,64.0,1609,0,53.8,0.24
426,0,0.0,18.91,1,24.5,53.400000000000006,754,141.3,55.4,-22.35,7.148,14.82,4.196,66.0,66.3,64.0,1609,0,53.8,0.23
427,0,0.0,18.88,1,24.5,53.400000000000006,754,141.2,55.3,-22.37,7.141,14.82,4.196,66.0,66.2,64.0,1609,0,53.8,0.23
428,0,0.0,18.85,1,24.5,53.400000000000006,754,141.2,55.4,-22.37,7.141,14.824,4.196,66.0,66.2,64.0,1609,0,53.8,0.24
429,0,0.0,18.88,1,24.4,53.400000000000006,754,141.1,55.3,-22.36,7.141,14.824,4.196,65.0,66.1,64.0,1609,0,53.8,0.23
430,0,0.0,18.87,1,24.4,53.400000000000006,754,141.2,55.3,-22.34,7.133,14.828,4.196,66.0,66.1,64.0,1609,0,53.8,0.23
431,0,0.0,22.95,1,25.3,54.800000000000004,755,141.1,55.8,-14.15,7.125,14.828,4.196,65.0,66.0,64.0,1609,0,53.8,0.23
432,0,0.0,39.57,1,31.3,64.7,820,141.1,60.3,-10.17,7.133,14.824,4.196,65.0,66.0,64.0,1609,0,53.8,0.23
433,0,0.0,41.28,1,43.2,74.9,919,141.1,63.9,-6.67,7.164,14.824,4.196,65.0,66.0,64.0,1609,0,53.8,0.24
434,0,0.0,43.89,1,57.199999999999996,81.5,1007,141.0,67.2,-3.4,7.219,14.824,4.196,65.0,66.1,64.0,1609,0,53.7,0.23
435,0,0.0,43.41,1,70.0,85.2,1048,141.0,70.3,2.37,7.297,14.816,4.196,66.0,66.2,64.0,1609,0,53.8,0.24
436,0,0.0,44.39,1,79.4,88.6,1083,141.0,73.6,10.2,7.391,14.824,4.196,66.0,66.3,64.0,1609,0,53.7,0.25
437,0,0.0,45.86,1,86.5,91.0,1144,140.8,76.7,16.55,7.5,14.832,4.196,66.0,66.4,64.0,1609,0,53.7,0.26
438,0,0.0,45.44,1,93.30000000000001,93.7,1221,140.5,79.9,23.46,7.609,14.836,4.196,66.0,66.5,64.0,1609,0,53.7,0.27
439,0,0.0,45.36,1,95.39999999999999,94.5,1302,139.9,81.7,23.72,7.703,14.836,4.196,66.0,66.6,64.0,1609,0,53.7,0.3
440,0,0.0,45.35,1,95.6,94.39999999999999,1356,138.9,81.9,23.85,7.766,14.84,4.196,66.0,66.6,64.0,1609,0,53.7,0.27
441,0,0.0,44.71,1,95.5,94.19999999999999,1383,137.5,81.9,23.95,7.812,14.832,4.196,66.0,66.7,64.0,1609,0,53.6,0.28
442,0,0.0,45.16,1,95.6,94.1,1395,135.8,81.7,23.73,7.852,14.836,4.196,66.0,66.8,64.0,1609,0,53.6,0.28
443,0,0.0,44.64,1,95.5,93.89999999999999,1402,133.9,81.4,23.78,7.875,14.84,4.196,66.0,66.9,64.0,1609,0,53.6,0.28
444,0,0.0,44.46,1,95.5,93.89999999999999,1405,132.2,81.3,23.75,7.867,14.84,4.196,66.0,67.0,64.0,1609,0,53.6,0.28
445,0,0.0,44.56,1,95.5,93.89999999999999,1408,130.7,81.2,23.73,7.828,14.84,4.196,66.0,67.1,64.0,1609,0,53.6,0.28
446,0,0.0,44.41,1,95.6,93.8,1411,129.3,81.0,23.72,7.781,14.836,4.196,66.0,67.2,64.0,1609,0,53.6,0.29
447,0,0.0,44.79,1,95.5,93.8,1412,127.8,81.0,23.69,7.734,14.84,4.196,66.0,67.3,64.0,1609,0,53.6,0.29
448,0,0.0,44.67,1,95.5,93.8,1415,126.6,80.7,23.73,7.68,14.84,4.196,66.0,67.4,64.0,1609,0,53.6,0.27
449,0,0.0,44.43,1,95.5,93.89999999999999,1418,125.6,80.8,23.73,7.641,14.84,4.196,66.0,67.5,64.0,1609,0,53.5,0.28
450,0,0.0,43.81,1,95.5,93.8,1420,125.0,80.8,23.74,7.602,14.844,4.196,66.0,67.7,64.0,1609,0,53.5,0.28
451,0,0.0,44.5,1,95.5,93.8,1421,124.5,80.6,23.73,7.562,14.844,4.196,67.0,67.8,64.0,1609,0,53.5,0.29
452,0,0.0,44.3,1,95.39999999999999,93.8,1420,124.1,80.6,23.77,7.531,14.844,4.196,67.0,67.9,64.0,1609,0,53.5,0.27
453,0,0.0,40.17,1,89.8,90.9,1418,123.8,79.3,-22.32,7.5,14.848,4.196,67.0,68.1,64.0,1609,0,53.5,0.26
454,0,0.0,40.3,1,67.30000000000001,80.7,1348,123.6,71.0,-22.11,7.352,14.848,4.196,67.0,68.2,64.0,1609,0,53.5,0.24
455,0,0.0,40.34,1,54.300000000000004,75.5,1249,123.8,65.8,-22.11,7.18,14.848,4.196,67.0,68.3,64.0,1609,0,53.5,0.23
456,0,0.0,40.52,1,46.2,71.3,1149,124.2,62.7,-22.21,7.023,14.848,4.196,67.0,68.4,64.0,1609,0,53.5,0.23
457,0,0.0,39.54,1,40.6,67.80000000000001,1049,124.8,60.6,-22.36,6.898,14.848,4.196,67.0,68.6,64.0,1609,0,53.5,0.23
458,0,0.0,36.0,1,36.6,64.9,949,125.5,59.2,-22.35,6.797,14.844,4.196,67.0,68.7,64.0,1609,0,53.4,0.23
459,0,0.0,31.25,1,33.6,62.4,850,126.1,58.2,-22.34,6.711,14.844,4.196,67.0,68.8,64.0,1608,0,53.4,0.22
460,0,0.0,27.39,1,31.1,60.0,807,126.7,57.4,-22.36,6.656,14.848,4.196,67.0,68.8,64.0,1608,0,53.4,0.23
461,0,0.0,23.93,1,28.999999999999996,57.599999999999994,783,126.8,56.3,-22.34,6.617,14.848,4.196,67.0,68.8,64.0,1608,0,53.4,0.23
462,0,0.0,20.9,1,27.200000000000003,55.7,766,127.2,55.5,-22.37,6.586,14.848,4.196,67.0,68.8,64.0,1608,0,53.4,0.23
463,0,0.0,18.65,1,25.7,53.800000000000004,754,127.9,54.6,-22.37,6.562,14.84,4.196,67.0,68.8,64.0,1608,0,53.4,0.22
464,0,0.0,18.06,1,24.9,53.400000000000006,751,128.8,54.4,-22.36,6.562,14.832,4.196,67.0,68.8,64.0,1608,0,53.4,0.23
465,0,0.0,18.11,1,24.6,53.400000000000006,762,129.8,54.4,-22.36,6.578,14.828,4.196,67.0,68.8,64.0,1608,0,53.4,0.23
466,0,0.0,18.13,1,24.5,53.400000000000006,777,131.0,54.4,-22.36,6.602,14.828,4.196,67.0,68.8,64.0,1608,0,53.4,0.23
467,0,0.0,18.12,1,24.4,53.400000000000006,786,132.1,54.4,-22.36,6.633,14.828,4.196,67.0,68.9,64.0,1608,0,53.4,0.22
468,0,0.0,18.15,1,24.3,53.400000000000006,790,133.4,54.5,-22.36,6.664,14.832,4.196,67.0,68.9,64.0,1608,0,53.4,0.23
469,0,0.0,18.21,1,24.3,53.400000000000006,793,134.4,54.5,-22.37,6.695,14.836,4.196,67.0,68.9,64.0,1608,0,53.3,0.23
470,0,0.0,18.24,1,24.4,53.400000000000006,795,135.5,54.5,-22.37,6.734,14.832,4.196,67.0,68.9,64.0,1608,0,53.4,0.22
471,0,0.0,18.24,1,24.4,53.400000000000006,795,136.4,54.5,-22.36,6.773,14.832,4.196,67.0,68.9,64.0,1608,0,53.3,0.21
472,0,0.0,18.33,1,24.4,53.400000000000006,794,137.2,54.6,-22.39,6.812,14.832,4.196,67.0,69.0,64.0,1608,0,53.3,0.23
473,0,0.0,18.34,1,24.5,53.400000000000006,793,138.0,54.6,-22.37,6.852,14.832,4.196,67.0,69.0,64.0,1608,0,53.3,0.22
474,0,0.0,18.34,1,24.5,53.400000000000006,792,138.9,54.5,-22.37,6.898,14.832,4.196,67.0,69.0,64.0,1608,0,53.3,0.23
475,0,0.0,18.37,1,24.5,53.400000000000006,790,139.8,54.5,-22.38,6.938,14.832,4.196,67.0,69.0,64.0,1608,0,53.3,0.23
476,0,0.0,18.44,1,24.6,53.400000000000006,788,140.4,54.6,-22.36,6.984,14.828,4.196,67.0,69.0,64.0,1608,0,53.3,0.22
477,0,0.0,18.45,1,24.6,53.400000000000006,786,141.1,54.5,-22.37,7.039,14.824,4.196,67.0,69.0,64.0,1608,0,53.3,0.22
478,0,0.0,18.42,1,24.6,53.400000000000006,784,141.7,54.5,-22.36,7.078,14.824,4.196,67.0,69.0,64.0,1608,0,53.3,0.22
479,0,0.0,18.39,1,24.7,53.400000000000006,782,142.4,54.5,-22.37,7.125,14.824,4.196,67.0,69.0,64.0,1608,0,53.3,0.22
480,0,0.0,18.51,1,24.6,53.400000000000006,780,142.9,54.6,-22.3,7.164,14.824,4.196,67.0,69.0,64.0,1608,0,53.3,0.23
481,0,0.0,26.78,1,26.3,56.8,786,143.3,56.8,-11.25,7.211,14.816,4.196,67.0,68.9,64.0,1608,0,53.3,0.23
482,0,0.0,42.16,1,33.900000000000006,67.7,868,143.8,61.3,-2.09,7.25,14.816,4.196,67.0,69.0,64.0,1608,0,53.2,0.23
483,0,0.0,42.19,1,48.0,78.0,967,144.3,64.9,8.11,7.289,14.813,4.196,67.0,69.1,64.0,1608,0,53.3,0.23
484,0,0.0,43.77,1,66.60000000000001,85.9,1061,144.8,69.2,12.03,7.359,14.793,4.196,67.0,69.2,64.0,1608,0,53.2,0.24
485,0,0.0,42.99,1,87.6,93.0,1148,145.2,76.3,16.45,7.5,14.785,4.196,67.0,69.4,64.0,1608,0,53.2,0.26
486,0,0.0,44.6,1,91.2,92.60000000000001,1245,145.5,78.9,18.21,7.656,14.797,4.196,67.0,69.5,64.0,1608,0,53.2,0.27
487,0,0.0,44.84,1,94.3,94.1,1295,145.6,80.6,23.13,7.773,14.797,4.196,68.0,69.7,64.0,1608,0,53.2,0.27
488,0,0.0,44.79,1,95.6,94.39999999999999,1335,145.4,81.4,22.8,7.867,14.801,4.196,68.0,69.8,64.0,1608,0,53.2,0.28
489,0,0.0,44.74,1,95.7,94.3,1363,144.6,81.4,23.27,7.906,14.777,4.196,68.0,69.9,64.0,1608,0,53.2,0.28
490,0,0.0,44.85,1,95.6,94.19999999999999,1379,143.2,81.2,23.12,7.922,14.773,4.196,69.0,70.0,64.0,1608,0,53.2,0.27
491,0,0.0,44.7,1,95.6,94.3,1390,141.7,81.2,23.21,7.922,14.801,4.196,69.0,70.1,64.0,1608,0,53.1,0.27
492,0,0.0,43.91,1,95.6,94.19999999999999,1400,139.9,81.3,23.12,7.906,14.816,4.196,69.0,70.2,64.0,1608,0,53.1,0.28
493,0,0.0,44.66,1,95.6,94.1,1406,138.3,81.4,23.15,7.867,14.824,4.196,69.0,70.3,64.0,1608,0,53.1,0.27
494,0,0.0,44.18,1,95.5,94.19999999999999,1410,137.0,81.1,23.09,7.82,14.832,4.196,69.0,70.4,64.0,1608,0,53.1,0.28
495,0,0.0,44.35,1,95.5,94.1,1414,135.7,81.0,23.12,7.789,14.836,4.196,69.0,70.4,64.0,1608,0,53.1,0.28
496,0,0.0,44.17,1,95.5,93.89999999999999,1416,134.4,80.8,23.12,7.75,14.84,4.196,69.0,70.5,64.0,1608,0,53.1,0.28
497,0,0.0,44.42,1,95.5,93.89999999999999,1415,133.3,80.8,23.09,7.695,14.84,4.196,69.0,70.6,64.0,1608,0,53.0,0.28
498,0,0.0,44.63,1,95.5,93.8,1414,132.4,80.6,23.12,7.641,14.84,4.196,69.0,70.7,64.0,1608,0,53.0,0.27
499,0,0.0,44.23,1,95.5,93.8,1412,131.6,80.7,0.11,7.586,14.84,4.196,69.0,70.8,64.0,1608,0,53.0,0.27
500,0,0.0,39.87,1,77.60000000000001,84.8,1387,131.0,75.0,-22.31,7.492,14.824,4.196,69.0,70.8,64.0,1608,0,53.0,0.23
501,0,0.0,40.07,1,60.0,77.8,1292,130.7,67.6,-22.27,7.328,14.805,4.196,69.0,70.9,64.0,1608,0,53.0,0.23
502,0,0.0,40.36,1,49.8,73.2,1192,130.8,63.6,-22.31,7.172,14.797,4.196,70.0,70.9,64.0,1608,0,53.0,0.23
503,0,0.0,40.16,1,43.1,69.39999999999999,1092,131.1,61.2,-22.26,7.039,14.805,4.196,70.0,71.0,64.0,1608,0,53.0,0.23
504,0,0.0,38.33,1,38.3,66.2,992,131.7,59.6,-22.33,6.93,14.809,4.196,70.0,71.1,64.0,1608,0,53.0,0.23
505,0,0.0,33.02,1,34.9,63.5,892,132.2,58.7,-22.34,6.844,14.816,4.196,70.0,71.1,64.0,1608,0,53.0,0.22
506,0,0.0,28.98,1,32.1,61.1,821,132.8,57.8,-22.34,6.781,14.82,4.196,70.0,71.1,64.0,1608,0,53.0,0.22
507,0,0.0,25.66,1,30.0,58.599999999999994,792,133.8,56.8,-22.36,6.742,14.816,4.196,70.0,71.1,64.0,1608,0,53.0,0.23
508,0,0.0,22.23,1,28.1,56.699999999999996,773,134.6,55.6,-22.37,6.727,14.82,4.196,70.0,71.1,64.0,1608,0,53.0,0.22
509,0,0.0,19.39,1,26.400000000000002,54.6,759,135.8,54.7,-22.36,6.727,14.824,4.196,70.0,71.0,64.0,1608,0,52.9,0.22
510,0,0.0,18.08,1,25.1,53.400000000000006,750,137.2,53.7,-22.37,6.742,14.824,4.196,70.0,70.9,64.0,1608,0,52.9,0.22
511,0,0.0,18.11,1,24.6,53.400000000000006,757,138.2,53.8,-22.36,6.766,14.824,4.196,70.0,70.9,64.0,1608,0,52.9,0.22
512,0,0.0,18.09,1,24.5,53.400000000000006,770,139.3,53.7,-22.36,6.789,14.824,4.196,70.0,70.9,64.0,1608,0,52.9,0.22
513,0,0.0,18.11,1,24.5,53.400000000000006,781,140.3,53.7,-22.36,6.82,14.82,4.196,70.0,70.8,64.0,1608,0,52.9,0.23
514,0,0.0,18.19,1,24.5,53.400000000000006,788,141.4,53.7,-22.36,6.859,14.824,4.196,70.0,70.8,64.0,1608,0,52.9,0.22
515,0,0.0,18.23,1,24.4,53.400000000000006,793,142.3,53.6,-22.38,6.891,14.824,4.196,69.0,70.8,64.0,1608,0,52.9,0.22
516,0,0.0,18.18,1,24.4,53.400000000000006,795,143.2,53.6,-22.37,6.938,14.828,4.196,69.0,70.7,64.0,1608,0,52.9,0.23
517,0,0.0,18.27,1,24.4,53.400000000000006,795,144.2,53.6,-22.37,6.977,14.828,4.196,69.0,70.7,64.0,1608,0,52.9,0.22
518,0,0.0,18.31,1,24.4,53.400000000000006,795,145.2,53.5,-22.36,7.031,14.824,4.196,69.0,70.7,64.0,1608,0,52.9,0.22
519,0,0.0,18.35,1,24.4,53.400000000000006,794,146.0,53.5,-22.36,7.078,14.824,4.196,69.0,70.7,64.0,1608,0,52.9,0.22
520,0,0.0,18.4,1,24.4,53.400000000000006,792,146.9,53.5,-22.38,7.117,14.824,4.196,69.0,70.6,64.0,1608,0,52.9,0.22
521,0,0.0,18.42,1,24.4,53.400000000000006,790,147.7,53.5,-22.37,7.141,14.832,4.196,69.0,70.6,64.0,1608,0,52.9,0.22
522,0,0.0,18.4,1,24.4,53.400000000000006,788,148.3,53.6,-22.37,7.156,14.836,4.196,69.0,70.6,64.0,1608,0,52.9,0.22
523,0,0.0,18.44,1,24.3,53.400000000000006,786,148.9,57.6,-22.37,7.164,14.84,4.196,69.0,70.5,64.0,1608,0,52.9,0.22
524,0,0.0,18.43,1,24.3,53.400000000000006,784,149.6,57.9,-22.35,7.172,14.84,4.196,69.0,70.5,64.0,1608,0,52.8,0.23
525,0,0.0,18.44,1,24.3,53.400000000000006,782,150.2,57.8,-22.37,7.18,14.836,4.196,69.0,70.4,64.0,1608,0,52.8,0.23
526,0,0.0,18.46,1,24.3,53.400000000000006,780,150.8,57.7,-22.37,7.172,14.836,4.196,69.0,70.4,64.0,1608,0,52.8,0.22
527,0,0.0,18.46,1,24.3,53.400000000000006,778,151.3,57.6,-22.37,7.172,14.84,4.196,69.0,70.3,64.0,1608,0,52.8,0.23
528,0,0.0,18.49,1,24.3,53.400000000000006,777,151.9,57.8,-22.35,7.172,14.84,4.196,69.0,70.3,64.0,1608,0,52.8,0.23
529,0,0.0,18.56,1,24.3,53.400000000000006,775,152.3,57.9,-22.36,7.164,14.844,4.196,69.0,70.2,64.0,1608,0,52.8,0.23
530,0,0.0,18.53,1,24.3,53.400000000000006,773,152.7,57.8,-22.37,7.148,14.844,4.196,69.0,70.2,64.0,1608,0,52.8,0.23
531,0,0.0,18.55,1,24.3,53.400000000000006,771,153.1,57.8,-22.35,7.141,14.84,4.196,69.0,70.1,64.0,1608,0,52.8,0.23
532,0,0.0,18.57,1,24.3,53.400000000000006,770,153.4,57.8,-22.37,7.133,14.836,4.196,69.0,70.1,64.0,1608,0,52.8,0.23
533,0,0.0,18.57,1,24.3,53.400000000000006,769,153.7,57.8,-22.36,7.117,14.836,4.196,69.0,70.0,64.0,1608,0,52.8,0.23
534,0,0.0,18.57,1,24.3,53.400000000000006,768,154.0,58.0,-22.37,7.094,14.836,4.196,68.0,69.9,64.0,1608,0,52.8,0.23
535,0,0.0,18.56,1,24.3,53.400000000000006,767,154.2,57.9,-22.36,7.078,14.836,4.196,69.0,69.9,64.0,1608,0,52.8,0.23
536,0,0.0,18.57,1,24.3,53.400000000000006,766,154.4,58.0,-22.35,7.07,14.836,4.196,68.0,69.8,64.0,1608,0,52.7,0.23
537,0,0.0,18.59,1,24.4,53.400000000000006,765,154.5,58.2,-22.35,7.078,14.832,4.196,68.0,69.7,64.0,1608,0,52.8,0.23
538,0,0.0,18.64,1,24.4,53.400000000000006,764,154.7,58.1,-22.36,7.094,14.828,4.196,67.0,69.6,64.0,1608,0,52.8,0.23
539,0,0.0,18.64,1,24.4,53.400000000000006,764,154.9,58.1,-22.36,7.109,14.828,4.196,67.0,69.5,64.0,1608,0,52.7,0.22
540,0,0.0,18.64,1,24.4,53.400000000000006,763,155.0,58.1,-22.36,7.125,14.828,4.196,67.0,69.4,64.0,1608,0,52.7,0.23
541,0,0.0,18.64,1,24.4,53.400000000000006,763,155.2,58.1,-22.37,7.133,14.828,4.196,67.0,69.4,64.0,1608,0,52.7,0.22
542,0,0.0,18.62,1,24.4,53.400000000000006,761,155.3,58.1,-22.36,7.141,14.828,4.196,67.0,69.3,64.0,1608,0,52.7,0.22
543,0,0.0,18.65,1,24.4,53.400000000000006,761,155.4,58.1,-22.36,7.156,14.828,4.196,67.0,69.2,64.0,1608,0,52.7,0.23
544,0,0.0,18.6,1,24.4,53.400000000000006,760,155.5,58.3,-22.35,7.172,14.828,4.196,67.0,69.1,64.0,1608,0,52.7,0.24
545,0,0.0,18.6,1,24.4,53.400000000000006,759,155.6,58.2,-22.37,7.188,14.832,4.196,67.0,69.0,64.0,1608,0,52.7,0.22
546,0,0.0,20.69,1,24.7,53.6,759,155.6,59.2,-16.59,7.203,14.836,4.196,67.0,69.0,64.0,1608,0,52.7,0.22
547,0,0.0,33.28,1,29.099999999999998,62.1,804,155.7,71.2,-10.98,7.219,14.832,4.196,67.0,68.9,64.0,1608,0,52.7,0.22
548,0,0.0,40.4,1,39.2,72.5,901,155.8,63.5,-10.85,7.242,14.84,4.196,67.0,68.9,64.0,1608,0,52.6,0.24
549,1,0.0,39.67,1,44.2,73.2,974,155.8,63.4,-22.26,7.273,14.844,4.196,67.0,69.0,64.0,1608,0,52.7,0.24
550,2,0.0,38.37,1,39.900000000000006,67.60000000000001,925,155.8,61.2,-22.45,7.289,14.848,4.196,67.0,69.0,64.0,1608,0,52.7,0.22
551,2,0.0,35.3,1,35.9,64.2,846,155.8,59.7,-19.75,7.273,14.848,4.196,67.0,69.1,64.0,1608,0,52.7,0.24
552,2,0.0,32.69,1,33.4,62.0,787,155.8,58.9,-16.24,7.258,14.852,4.196,67.0,69.1,64.0,1608,0,52.6,0.24
553,2,0.0,35.04,1,33.4,63.5,763,155.9,59.4,-16.19,7.234,14.852,4.196,67.0,69.0,64.0,1608,0,52.6,0.22
554,2,0.0,34.99,1,33.5,63.5,759,155.8,59.4,-16.29,7.203,14.852,4.196,67.0,69.0,64.0,1608,0,52.6,0.22
555,2,0.0,34.97,1,33.6,63.5,754,155.6,59.3,-16.22,7.18,14.852,4.196,67.0,69.0,64.0,1608,0,52.6,0.22
556,2,0.0,29.46,1,32.300000000000004,61.8,748,155.3,58.5,-22.35,7.156,14.852,4.196,67.0,69.0,64.0,1608,0,52.6,0.23
557,2,0.0,24.27,1,29.599999999999998,57.99999999999999,724,155.0,56.9,-22.34,7.141,14.852,4.196,67.0,69.0,64.0,1608,0,52.6,0.22
558,1,0.0,20.81,1,27.1,55.00000000000001,698,154.8,55.4,-22.39,7.125,14.852,4.196,67.0,68.9,64.0,1608,0,52.6,0.23
559,1,0.0,19.66,1,25.4,53.5,683,154.7,54.6,-22.36,7.109,14.852,4.196,67.0,68.8,64.0,1608,0,52.6,0.23
560,1,0.0,18.83,1,24.7,53.400000000000006,689,154.6,54.5,-22.36,7.109,14.852,4.196,67.0,68.7,64.0,1608,0,52.6,0.23
561,0,0.0,18.77,1,24.4,53.400000000000006,705,154.5,54.4,-22.38,7.094,14.852,4.196,67.0,68.6,64.0,1608,0,52.6,0.22
562,0,0.0,18.75,1,24.4,53.400000000000006,719,154.4,54.5,-22.36,7.086,14.852,4.196,67.0,68.5,64.0,1607,0,52.6,0.23
563,0,0.0,18.77,1,24.3,53.400000000000006,730,154.3,54.5,-22.36,7.078,14.852,4.196,67.0,68.4,64.0,1607,0,52.6,0.23
564,0,0.0,18.8,1,24.3,53.400000000000006,737,154.3,54.5,-22.37,7.07,14.852,4.196,67.0,68.3,64.0,1607,0,52.6,0.22
565,0,0.0,18.8,1,24.3,53.400000000000006,743,154.2,54.6,-22.37,7.07,14.852,4.196,67.0,68.2,64.0,1607,0,52.5,0.22
566,0,0.0,18.81,1,24.3,53.400000000000006,747,154.3,54.5,-22.36,7.062,14.852,4.196,67.0,68.1,64.0,1607,0,52.5,0.22
567,0,0.0,18.81,1,24.4,53.400000000000006,749,154.3,54.6,-22.37,7.055,14.852,4.196,67.0,68.1,64.0,1607,0,52.5,0.22
568,0,0.0,18.88,1,24.3,53.400000000000006,751,154.3,54.5,-22.36,7.047,14.852,4.196,67.0,68.0,64.0,1607,0,52.5,0.23
569,0,0.0,18.88,1,24.4,53.400000000000006,752,154.3,54.6,-22.36,7.039,14.852,4.196,67.0,67.9,64.0,1607,0,52.5,0.22
570,0,0.0,18.87,1,24.4,53.400000000000006,752,154.3,54.6,-22.37,7.031,14.852,4.196,67.0,67.8,64.0,1607,0,52.5,0.23
571,0,0.0,18.84,1,24.4,53.400000000000006,752,154.3,54.7,-22.37,7.023,14.852,4.196,67.0,67.8,64.0,1607,0,52.5,0.23
572,0,0.0,18.84,1,24.4,53.400000000000006,753,154.2,54.7,-22.36,7.016,14.852,4.196,67.0,67.7,64.0,1607,0,52.5,0.22
573,0,0.0,18.85,1,24.4,53.400000000000006,752,154.2,54.7,-22.36,7.023,14.848,4.196,66.0,67.6,64.0,1607,0,52.5,0.23
574,0,0.0,18.87,1,24.4,53.400000000000006,752,154.1,54.7,-22.37,7.023,14.848,4.196,66.0,67.6,64.0,1607,0,52.5,0.22
575,0,0.0,18.87,1,24.4,53.400000000000006,752,154.0,54.6,-22.37,7.023,14.848,4.196,67.0,67.5,64.0,1607,0,52.5,0.23
576,0,0.0,18.83,1,24.4,53.400000000000006,752,154.0,54.7,-22.37,7.031,14.848,4.196,66.0,67.4,64.0,1607,0,52.5,0.23
577,0,0.0,18.91,1,24.4,53.400000000000006,752,153.9,54.7,-22.36,7.047,14.848,4.196,66.0,67.4,64.0,1607,0,52.5,0.22
578,0,0.0,18.87,1,24.4,53.400000000000006,752,153.9,54.7,-22.36,7.055,14.852,4.196,66.0,67.3,64.0,1607,0,52.5,0.22
579,0,0.0,18.88,1,24.4,53.400000000000006,752,153.8,54.7,-22.36,7.055,14.852,4.196,66.0,67.2,64.0,1607,0,52.5,0.22
580,0,0.0,18.87,1,24.4,53.400000000000006,751,153.7,54.7,-22.37,7.047,14.852,4.196,66.0,67.2,65.0,1607,0,52.4,0.22
581,0,0.0,18.89,1,24.4,53.400000000000006,752,153.6,54.8,-22.36,7.047,14.848,4.196,66.0,67.1,65.0,1607,0,52.4,0.23
582,0,0.0,18.88,1,24.4,53.400000000000006,752,153.5,54.8,-22.38,7.055,14.848,4.196,66.0,67.1,65.0,1607,0,52.4,0.23
583,0,0.0,18.88,1,24.4,53.400000000000006,751,153.4,54.7,-22.36,7.055,14.848,4.196,66.0,67.0,65.0,1607,0,52.4,0.23
584,0,0.0,18.94,1,24.4,53.400000000000006,751,153.2,54.8,-22.36,7.055,14.848,4.196,66.0,67.0,65.0,1607,0,52.4,0.23
585,0,0.0,18.93,1,24.4,53.400000000000006,751,153.1,54.8,-22.37,7.055,14.848,4.196,66.0,66.9,65.0,1607,0,52.4,0.22
586,0,0.0,18.89,1,24.4,53.400000000000006,751,152.9,54.8,-22.37,7.047,14.848,4.196,66.0,66.9,65.0,1607,0,52.4,0.22
587,0,0.0,18.9,1,24.4,53.400000000000006,751,152.8,54.8,-22.36,7.039,14.848,4.196,66.0,66.8,65.0,1607,0,52.4,0.22
588,0,0.0,18.87,1,24.4,53.400000000000006,751,152.6,54.8,-22.35,7.039,14.848,4.196,66.0,66.8,65.0,1607,0,52.4,0.23
589,0,0.0,18.95,1,24.4,53.400000000000006,750,152.5,54.8,-22.36,7.039,14.848,4.196,66.0,66.7,65.0,1607,0,52.4,0.23
590,0,0.0,18.92,1,24.4,53.400000000000006,750,152.4,54.9,-22.37,7.031,14.852,4.196,66.0,66.7,65.0,1607,0,52.4,0.23
591,0,0.0,18.95,1,24.4,53.400000000000006,750,152.3,54.7,-22.36,7.023,14.848,4.196,66.0,66.6,65.0,1607,0,52.3,0.22
592,0,0.0,18.97,1,24.5,53.400000000000006,750,152.1,54.9,-22.36,7.016,14.848,4.196,66.0,66.6,65.0,1607,0,52.4,0.23
593,0,0.0,18.92,1,24.4,53.400000000000006,750,152.0,54.9,-22.37,7.008,14.848,4.196,66.0,66.5,65.0,1607,0,52.4,0.22
594,0,0.0,18.93,1,24.4,53.400000000000006,750,151.9,54.8,-22.36,7.0,14.848,4.196,66.0,66.5,65.0,1607,0,52.4,0.23
595,0,0.0,18.94,1,24.4,53.400000000000006,750,151.8,54.9,-22.36,6.992,14.848,4.196,66.0,66.5,65.0,1607,0,52.4,0.24
596,0,0.0,18.95,1,24.4,53.400000000000006,750,151.7,54.9,-22.36,6.992,14.852,4.196,66.0,66.4,65.0,1607,0,52.3,0.24
597,0,0.0,18.93,1,24.5,53.400000000000006,750,151.7,55.0,-22.37,6.984,14.852,4.196,66.0,66.4,65.0,1607,0,52.3,0.24
598,0,0.0,18.96,1,24.4,53.400000000000006,750,151.6,54.9,-22.37,6.984,14.852,4.196,66.0,66.3,65.0,1607,0,52.3,0.23
599,0,0.0,18.95,1,24.4,53.400000000000006,750,151.5,54.9,-22.37,6.984,14.852,4.196,66.0,66.3,65.0,1607,0,52.3,0.23
600,0,0.0,18.97,1,24.4,53.400000000000006,750,151.5,54.9,-22.36,6.984,14.852,4.196,66.0,66.2,65.0,1607,0,52.3,0.22
601,0,0.0,18.97,1,24.4,53.400000000000006,750,151.4,54.9,-22.36,6.977,14.852,4.196,66.0,66.2,65.0,1607,0,52.3,0.22
602,0,0.0,18.96,1,24.5,53.400000000000006,750,151.3,55.0,-22.36,6.977,14.848,4.196,65.0,66.2,65.0,1607,0,52.3,0.23
603,0,0.0,18.99,1,24.5,53.400000000000006,750,151.2,55.0,-22.38,6.969,14.852,4.196,65.0,66.1,65.0,1607,0,52.3,0.22
604,0,0.0,18.96,1,24.4,53.400000000000006,750,151.1,55.0,-22.37,6.961,14.848,4.196,65.0,66.1,65.0,1607,0,52.3,0.24
605,0,0.0,18.96,1,24.4,53.400000000000006,750,150.9,55.0,-22.36,6.953,14.852,4.196,66.0,66.1,65.0,1607,0,52.3,0.22
606,0,0.0,18.93,1,24.4,53.400000000000006,750,150.8,54.9,-22.37,6.953,14.848,4.196,65.0,66.0,65.0,1607,0,52.2,0.23
607,0,0.0,18.97,1,24.4,53.400000000000006,750,150.6,55.1,-22.38,6.953,14.848,4.196,65.0,66.0,65.0,1607,0,52.2,0.22
608,0,0.0,18.93,1,24.4,53.400000000000006,750,150.5,55.1,-22.38,6.961,14.848,4.196,65.0,66.0,65.0,1607,0,52.2,0.23
609,0,0.0,18.98,1,24.4,53.400000000000006,750,150.4,55.0,-22.36,6.969,14.848,4.196,65.0,66.0,65.0,1607,0,52.2,0.23
610,0,0.0,19.0,1,24.5,53.400000000000006,750,150.2,55.0,-22.37,6.984,14.852,4.196,65.0,65.9,65.0,1607,0,52.2,0.24
611,0,0.0,19.0,1,24.5,53.400000000000006,750,150.1,55.0,-22.37,6.984,14.852,4.196,65.0,65.9,65.0,1607,0,52.2,0.22
612,0,0.0,19.0,1,24.5,53.400000000000006,750,150.0,55.1,-22.37,6.992,14.848,4.196,65.0,65.9,65.0,1607,0,52.2,0.22
613,0,0.0,19.02,1,24.5,53.400000000000006,750,149.9,55.1,-22.38,6.992,14.852,4.196,65.0,65.8,65.0,1607,0,52.2,0.22
614,0,0.0,18.98,1,24.5,53.400000000000006,750,149.7,55.0,-22.37,6.984,14.848,4.196,65.0,65.8,65.0,1607,0,52.2,0.23
615,0,0.0,19.04,1,24.5,53.400000000000006,750,149.6,55.2,-22.38,6.977,14.848,4.196,65.0,65.8,65.0,1607,0,52.2,0.23
616,0,0.0,18.99,1,24.5,53.400000000000006,750,149.4,55.1,-22.38,6.961,14.852,4.196,65.0,65.8,65.0,1607,0,52.2,0.23
617,0,0.0,19.01,1,24.5,53.400000000000006,750,149.3,55.1,-22.37,6.953,14.852,4.196,65.0,65.8,65.0,1607,0,52.2,0.23
618,0,0.0,19.02,1,24.5,53.400000000000006,750,149.1,55.2,-22.36,6.945,14.852,4.196,65.0,65.7,65.0,1607,0,52.2,0.23
619,0,0.0,18.94,1,24.5,53.400000000000006,750,149.0,55.0,-22.35,6.93,14.852,4.196,65.0,65.7,65.0,1607,0,52.2,0.23
620,0,0.0,18.05,1,24.5,53.400000000000006,750,149.0,55.1,-22.36,6.922,14.852,4.196,65.0,65.7,65.0,1607,0,52.2,0.22
621,0,0.0,16.95,1,24.4,53.400000000000006,751,148.9,55.1,-22.36,6.914,14.852,4.196,65.0,65.6,65.0,1607,0,52.2,0.23
622,0,0.0,15.7,1,24.4,53.400000000000006,753,148.9,55.1,-22.36,6.914,14.852,4.196,64.0,65.6,65.0,1607,0,52.2,0.23
623,0,0.0,15.3,1,24.4,53.400000000000006,756,148.8,55.2,-22.37,6.906,14.852,4.196,65.0,65.6,65.0,1607,0,52.2,0.24
624,0,0.0,15.35,1,24.4,53.400000000000006,759,148.6,55.1,-22.37,6.906,14.852,4.196,64.0,65.6,65.0,1607,0,52.2,0.23
625,0,0.0,15.32,1,24.5,53.400000000000006,760,148.5,55.2,-22.37,6.906,14.852,4.196,65.0,65.7,65.0,1607,0,52.2,0.24
626,0,0.0,15.31,1,24.4,53.400000000000006,761,148.3,55.3,-22.37,6.898,14.852,4.196,65.0,65.8,65.0,1607,0,52.1,0.23
627,0,0.0,15.29,1,24.4,53.400000000000006,762,148.1,55.1,-22.36,6.891,14.852,4.196,65.0,66.0,65.0,1607,0,52.1,0.22
628,0,0.0,15.34,1,24.4,53.400000000000006,763,148.0,55.2,-22.36,6.891,14.852,4.196,66.0,66.2,65.0,1607,0,52.1,0.23
629,0,0.0,15.32,1,24.4,53.400000000000006,763,147.8,55.2,-22.35,6.883,14.852,4.196,66.0,66.5,65.0,1607,0,52.1,0.23
630,0,0.0,15.38,1,24.4,53.400000000000006,764,147.7,55.2,-22.37,6.883,14.852,4.196,66.0,66.9,65.0,1607,0,52.1,0.23
631,0,0.0,15.32,1,24.4,53.400000000000006,764,147.5,55.3,-22.38,6.875,14.852,4.196,66.0,67.3,65.0,1607,0,52.1,0.22
632,0,0.0,15.37,1,24.3,53.400000000000006,764,147.4,55.2,-22.37,6.883,14.852,4.196,67.0,67.8,65.0,1607,0,52.1,0.22
633,0,0.0,15.35,1,24.3,53.400000000000006,765,147.2,55.2,-22.37,6.891,14.852,4.196,67.0,68.4,65.0,1607,0,52.1,0.23
634,0,0.0,15.4,1,24.4,53.400000000000006,765,147.1,55.2,-22.37,6.891,14.852,4.196,67.0,69.0,65.0,1607,0,52.1,0.23
635,0,0.0,15.42,1,24.4,53.400000000000006,765,146.9,55.3,-22.38,6.898,14.852,4.196,69.0,69.7,65.0,1607,0,52.1,0.23
636,0,0.0,15.42,1,24.4,53.400000000000006,765,146.8,55.2,-22.36,6.898,14.852,4.196,69.0,70.4,65.0,1607,0,52.0,0.23
637,0,0.0,15.4,1,24.4,53.400000000000006,765,146.6,55.3,-22.37,6.891,14.852,4.196,70.0,71.3,65.0,1607,0,52.1,0.23
638,0,0.0,15.42,1,24.4,53.400000000000006,764,146.5,55.3,-22.36,6.891,14.848,4.196,71.0,72.2,65.0,1607,0,52.0,0.23
639,0,0.0,15.46,1,24.4,53.400000000000006,765,146.4,55.3,-22.36,6.891,14.848,4.196,72.0,73.1,65.0,1607,0,52.1,0.24
640,0,0.0,15.47,1,24.4,53.400000000000006,765,146.3,55.3,-22.37,6.898,14.848,4.196,73.0,74.0,65.0,1607,0,52.0,0.23
641,0,0.0,15.45,1,24.4,53.400000000000006,765,146.1,55.3,-22.36,6.906,14.852,4.196,74.0,75.0,65.0,1607,0,52.0,0.23
642,0,0.0,15.52,1,24.4,53.400000000000006,765,146.0,55.3,-22.38,6.906,14.852,4.196,76.0,76.1,65.0,1607,0,52.0,0.22
643,0,0.0,15.53,1,24.5,53.400000000000006,765,145.9,55.2,-22.38,6.906,14.852,4.196,76.0,77.2,65.0,1607,0,52.0,0.22
644,0,0.0,15.51,1,24.4,53.400000000000006,765,145.8,55.2,-22.37,6.906,14.852,4.196,77.0,78.3,65.0,1607,0,52.0,0.22
645,0,0.0,15.57,1,24.5,53.400000000000006,765,145.7,55.4,-22.38,6.906,14.852,4.196,78.0,79.5,65.0,1607,0,52.0,0.23
646,0,0.0,15.56,1,24.4,53.400000000000006,764,145.6,55.2,-22.38,6.898,14.852,4.196,79.0,80.7,65.0,1607,0,52.0,0.23
647,0,0.0,15.54,1,24.4,53.400000000000006,764,145.5,55.3,-22.37,6.891,14.852,4.196,81.0,81.9,65.0,1607,0,52.0,0.23
648,0,0.0,15.55,1,24.4,53.400000000000006,764,145.4,55.3,-22.38,6.883,14.852,4.196,82.0,83.1,65.0,1607,0,52.0,0.23
649,0,0.0,15.57,1,24.5,53.400000000000006,764,145.3,55.2,-22.36,6.867,14.852,4.196,83.0,84.4,65.0,1607,0,52.0,0.22
650,0,0.0,15.57,1,24.4,53.400000000000006,764,145.1,55.4,-22.37,6.867,14.852,4.196,84.0,85.6,65.0,1607,0,52.0,0.24
651,0,0.0,15.61,1,24.4,53.400000000000006,764,145.0,55.3,-22.36,6.875,14.852,4.196,85.0,86.9,65.0,1607,0,52.0,0.23
652,0,0.0,15.6,1,24.4,53.400000000000006,765,144.9,55.3,-22.38,6.875,14.852,4.196,87.0,88.2,65.0,1607,0,52.0,0.24
653,0,0.0,15.65,1,24.4,53.400000000000006,765,144.8,55.3,-22.37,6.883,14.852,4.196,88.0,89.5,65.0,1607,0,51.9,0.23
654,0,0.0,15.66,1,24.4,53.400000000000006,765,144.7,55.4,-22.36,6.891,14.852,4.196,89.0,90.7,65.0,1607,0,52.0,0.23
655,0,0.0,15.65,1,24.5,53.400000000000006,765,144.6,55.3,-22.37,6.898,14.852,4.196,91.0,92.0,65.0,1607,0,52.0,0.23
656,0,0.0,15.65,1,24.4,53.400000000000006,765,144.5,55.4,-22.36,6.898,14.852,4.196,92.0,93.3,65.0,1607,0,51.9,0.23
657,0,0.0,15.64,1,24.4,53.400000000000006,766,144.4,55.3,-22.37,6.906,14.848,4.196,93.0,94.6,65.0,1607,0,51.9,0.22
658,0,0.0,15.64,1,24.3,53.400000000000006,765,144.3,55.3,-22.37,6.906,14.848,4.196,94.0,95.8,65.0,1607,0,51.9,0.22
659,0,0.0,20.67,1,25.6,56.10000000000001,769,144.1,56.3,-10.51,6.906,14.848,4.196,96.0,97.1,65.0,1607,0,51.9,0.22
660,0,0.0,34.96,1,32.300000000000004,66.4,845,144.0,60.4,-4.95,6.898,14.848,4.196,97.0,98.4,65.0,1607,0,51.9,0.23
661,1,0.0,39.63,1,44.9,76.3,944,143.9,64.2,-0.68,6.898,14.844,4.196,98.0,100.0,65.0,1607,0,51.9,0.22
662,2,0.0,41.86,1,61.9,84.2,1041,143.8,68.4,-0.7,6.93,14.844,4.196,100.0,102.0,65.0,1607,0,51.9,0.23
663,4,0.0,41.59,1,71.39999999999999,84.8,1099,143.7,70.9,-2.61,6.992,14.848,4.196,103.0,103.9,65.0,1607,0,51.9,0.24
664,6,0.0,40.97,1,69.3,82.8,1098,143.7,70.3,-7.06,7.039,14.848,4.196,104.0,105.8,65.0,1607,0,51.9,0.25
665,8,0.0,40.6,1,62.2,80.0,1049,143.6,68.3,-7.04,7.031,14.852,4.196,106.0,107.5,65.0,1607,0,51.9,0.24
666,10,0.0,40.57,1,60.0,79.80000000000001,997,143.4,67.6,-7.26,7.016,14.852,4.196,107.0,109.0,65.0,1607,0,51.8,0.24
667,11,0.0,38.89,1,54.1,75.4,961,143.1,65.2,-22.15,6.992,14.852,4.196,108.0,110.3,65.0,1607,0,51.8,0.23
668,12,0.0,39.57,1,45.1,70.19999999999999,900,142.5,62.7,-22.21,6.953,14.852,4.196,109.0,111.7,65.0,1607,0,51.8,0.24
669,12,0.0,37.96,1,39.6,66.9,841,141.7,61.2,-22.34,6.914,14.855,4.196,111.0,113.0,65.0,1607,0,51.8,0.23
670,12,0.0,34.62,1,36.1,64.4,800,140.9,60.0,-22.34,6.898,14.855,4.196,112.0,114.2,65.0,1607,0,51.8,0.23
671,11,0.0,29.69,1,33.5,62.3,772,140.3,59.1,-22.36,6.891,14.855,4.196,113.0,115.5,65.0,1607,0,51.8,0.23
672,10,0.0,25.46,1,31.3,60.3,754,139.7,58.2,-22.36,6.883,14.855,4.196,114.0,116.6,65.0,1607,0,51.8,0.22
673,10,0.0,21.76,1,29.5,58.3,741,139.2,57.4,-22.34,6.859,14.855,4.196,115.0,117.8,65.0,1607,0,51.8,0.22
674,9,0.0,24.13,1,28.7,58.199999999999996,733,138.8,57.1,-16.07,6.852,14.859,4.196,116.0,119.0,65.0,1607,0,51.8,0.23
675,8,0.0,29.65,1,31.8,63.5,785,138.6,59.4,-16.12,6.852,14.855,4.196,118.0,120.3,65.0,1607,0,51.8,0.23
676,7,0.0,31.67,1,33.2,63.800000000000004,825,138.4,59.7,-16.06,6.844,14.855,4.196,119.0,121.8,65.0,1607,0,51.8,0.22
677,7,0.0,36.14,1,34.0,64.4,822,138.5,60.0,-14.57,6.844,14.855,4.196,121.0,123.5,65.0,1607,0,51.8,0.23
678,7,0.0,39.46,1,36.7,67.30000000000001,831,138.7,61.4,-14.13,6.844,14.852,4.196,122.0,125.2,65.0,1607,0,51.8,0.22
679,8,0.0,40.44,1,42.3,73.2,848,138.9,63.4,-8.14,6.844,14.852,4.196,126.0,127.1,65.0,1607,0,51.8,0.22
680,9,0.0,41.57,1,51.300000000000004,78.10000000000001,904,139.2,65.5,-4.62,6.867,14.852,4.196,126.0,128.9,65.0,1607,0,51.7,0.23
681,11,0.0,41.16,1,63.1,82.5,968,139.5,68.2,-4.62,6.906,14.848,4.196,128.0,130.7,65.0,1607,0,51.7,0.24
682,13,0.0,38.44,1,59.0,77.2,1001,139.8,66.5,-22.49,6.953,14.852,4.196,130.0,132.5,65.0,1607,0,51.7,0.23
683,14,0.0,39.18,1,48.0,71.6,944,140.0,63.8,-22.34,6.961,14.852,4.196,131.0,134.2,65.0,1607,0,51.7,0.23
684,15,0.0,39.32,1,41.8,68.4,873,140.1,62.3,-22.19,6.938,14.852,4.196,133.0,135.9,65.0,1607,0,51.7,0.23
685,15,0.0,37.52,1,38.0,66.0,822,140.1,60.7,-22.41,6.922,14.852,4.196,135.0,137.6,65.0,1607,0,51.7,0.22
686,16,0.0,33.43,1,35.3,63.9,789,139.9,59.7,-22.35,6.898,14.852,4.196,136.0,139.3,65.0,1607,0,51.7,0.22
687,16,0.0,29.17,1,33.0,61.9,765,139.7,58.9,-22.35,6.875,14.855,4.196,138.0,140.9,65.0,1607,0,51.7,0.22
688,16,0.0,25.19,1,31.1,60.099999999999994,748,139.5,58.0,-22.37,6.859,14.852,4.196,139.0,142.4,65.0,1607,0,51.7,0.22
689,15,0.0,21.3,1,29.4,58.199999999999996,737,139.2,57.4,-22.36,6.844,14.855,4.196,141.0,143.9,65.0,1607,0,51.7,0.22
690,15,0.0,19.18,1,27.900000000000002,56.39999999999999,729,138.9,56.5,-22.38,6.844,14.855,4.196,143.0,145.4,65.0,1607,0,51.7,0.22
691,15,0.0,16.55,1,26.5,54.6,723,138.7,55.9,-18.42,6.836,14.855,4.196,144.0,147.0,65.0,1607,0,51.7,0.23
692,15,0.0,23.64,1,27.500000000000004,58.4,732,138.7,57.6,-15.53,6.836,14.855,4.196,146.0,148.5,65.0,1607,0,51.6,0.23
693,15,0.0,39.95,1,34.599999999999994,68.4,819,138.7,61.5,-11.45,6.836,14.855,4.196,148.0,150.3,65.0,1607,0,51.6,0.24
694,15,0.0,37.59,1,43.3,73.4,918,138.9,63.3,-11.54,6.852,14.852,4.196,149.0,152.5,65.0,1607,0,51.6,0.23
695,16,0.0,38.58,1,46.5,73.6,963,139.0,63.9,-11.55,6.867,14.852,4.196,152.0,155.2,65.0,1607,0,51.6,0.23
696,16,0.0,37.39,1,46.800000000000004,73.2,937,139.3,63.7,-22.22,6.883,14.852,4.196,154.0,157.7,65.0,1607,0,51.6,0.24
697,17,0.0,37.3,1,41.099999999999994,67.30000000000001,887,139.6,61.4,-22.34,6.875,14.852,4.196,157.0,160.1,65.0,1607,0,51.6,0.23
698,17,0.0,33.21,1,36.199999999999996,63.7,822,139.9,59.8,-22.42,6.867,14.852,4.196,159.0,162.2,65.0,1607,0,51.6,0.24
699,17,0.0,28.43,1,33.0,61.199999999999996,776,140.1,58.7,-22.33,6.867,14.852,4.196,161.0,164.0,65.0,1607,0,51.6,0.23
700,17,0.0,24.77,1,30.7,59.199999999999996,749,140.2,58.0,-22.35,6.852,14.855,4.196,162.0,165.5,65.0,1607,0,51.6,0.23
701,16,0.0,20.7,1,28.799999999999997,57.3,732,140.2,57.1,-22.36,6.844,14.855,4.196,163.0,166.9,65.0,1607,0,51.6,0.23
702,16,0.0,17.61,1,27.200000000000003,55.400000000000006,722,140.1,56.2,-22.37,6.828,14.855,4.196,165.0,168.1,65.0,1607,0,51.6,0.23
703,16,0.0,15.92,1,25.7,53.7,716,140.1,55.5,-22.36,6.812,14.855,4.196,166.0,169.3,65.0,1607,0,51.6,0.22
704,16,0.0,15.89,1,25.0,53.400000000000006,718,139.9,55.3,-22.36,6.805,14.855,4.196,167.0,170.6,65.0,1607,0,51.5,0.22
705,15,0.0,15.87,1,24.8,53.400000000000006,731,139.9,55.4,-22.36,6.805,14.855,4.196,168.0,171.7,65.0,1607,0,51.5,0.23
706,15,0.0,15.86,1,24.6,53.400000000000006,744,139.9,55.4,-22.36,6.797,14.855,4.196,169.0,172.9,65.0,1607,0,51.5,0.23
707,14,0.0,15.91,1,24.6,53.400000000000006,754,140.0,55.3,-22.36,6.797,14.855,4.196,170.0,174.0,65.0,1607,0,51.5,0.23
708,14,0.0,15.92,1,24.6,53.400000000000006,761,140.1,55.3,-22.36,6.789,14.855,4.196,171.0,175.0,65.0,1607,0,51.5,0.22
709,14,0.0,15.93,1,24.6,53.400000000000006,766,140.3,55.3,-22.37,6.789,14.855,4.196,172.0,176.0,65.0,1607,0,51.5,0.23
710,13,0.0,15.91,1,24.6,53.400000000000006,769,140.5,55.4,-22.38,6.781,14.855,4.196,174.0,176.9,65.0,1607,0,51.5,0.23
711,13,0.0,15.91,1,24.6,53.400000000000006,771,140.6,55.4,-22.35,6.781,14.852,4.196,174.0,177.8,65.0,1607,0,51.5,0.23
712,11,0.0,18.08,1,25.2,54.800000000000004,773,140.8,55.6,-15.87,6.797,14.852,4.196,175.0,178.6,65.0,1607,0,51.5,0.23
713,10,0.0,32.38,1,30.9,64.5,836,140.9,59.6,-11.79,6.82,14.852,4.196,175.0,179.4,65.0,1607,0,51.5,0.23
714,8,0.0,37.76,1,41.6,73.6,935,141.0,63.3,-10.55,6.859,14.852,4.196,177.0,180.3,65.0,1607,0,51.5,0.25
715,8,0.0,38.41,1,48.0,75.0,1005,141.1,64.5,-10.42,6.922,14.852,4.196,179.0,181.5,65.0,1607,0,51.5,0.24
716,8,0.0,39.16,1,50.1,75.0,986,141.2,64.8,-10.4,6.969,14.852,4.196,179.0,182.7,65.0,1607,0,51.5,0.24
717,9,0.0,39.73,1,50.5,75.1,950,141.3,64.9,-10.47,7.0,14.852,4.196,180.0,183.7,65.0,1607,0,51.4,0.23
718,9,0.0,39.69,1,50.6,75.0,920,141.5,64.7,-10.48,7.0,14.852,4.196,181.0,184.5,65.0,1607,0,51.4,0.23
719,10,0.0,39.7,1,50.5,75.0,899,141.6,64.6,-10.48,7.0,14.852,4.196,182.0,185.1,65.0,1607,0,51.4,0.23
720,11,0.0,39.66,1,50.4,75.0,887,141.5,64.6,-10.48,6.984,14.852,4.196,182.0,185.6,65.0,1607,0,51.4,0.23
721,11,0.0,39.59,1,50.2,75.0,881,141.2,64.5,-10.45,6.977,14.855,4.196,182.0,186.0,65.0,1607,0,51.4,0.24
722,12,0.0,39.61,1,50.2,75.1,877,140.9,64.6,-10.48,6.969,14.855,4.196,182.0,186.3,65.0,1607,0,51.4,0.22
723,13,0.0,39.56,1,50.2,75.0,875,140.6,64.5,-10.46,6.969,14.855,4.196,182.0,186.6,65.0,1607,0,51.4,0.23
724,13,0.0,39.72,1,50.1,75.1,874,140.4,64.4,-10.46,6.977,14.855,4.196,183.0,186.8,65.0,1607,0,51.4,0.24
725,14,0.0,39.57,1,50.2,75.0,875,140.1,64.4,-10.45,6.984,14.855,4.196,184.0,186.9,65.0,1607,0,51.4,0.23
726,14,0.0,39.52,1,50.2,75.1,874,139.9,64.4,-10.46,6.984,14.855,4.196,184.0,187.1,65.0,1607,0,51.4,0.23
727,14,0.0,39.5,1,50.2,75.1,874,139.6,64.4,-10.46,6.984,14.855,4.196,184.0,187.2,65.0,1607,0,51.4,0.22
728,15,0.0,39.52,1,50.2,75.0,874,139.4,64.4,-10.44,6.969,14.855,4.196,184.0,187.3,65.0,1607,0,51.4,0.23
729,14,0.0,39.47,1,50.2,75.1,874,139.2,64.4,-10.45,6.961,14.855,4.196,184.0,187.4,65.0,1607,0,51.4,0.22
730,15,0.0,39.47,1,50.2,75.0,876,139.1,64.4,-10.47,6.961,14.855,4.196,185.0,187.5,65.0,1607,0,51.3,0.22
731,14,0.0,39.5,1,50.2,75.0,875,139.0,64.5,-10.46,6.953,14.855,4.196,184.0,187.6,65.0,1607,0,51.3,0.23
732,14,0.0,39.24,1,50.2,75.0,876,138.9,64.6,-10.79,6.953,14.855,4.196,184.0,187.7,65.0,1607,0,51.3,0.23
733,15,0.0,38.43,1,47.4,72.1,870,138.8,63.5,-22.27,6.953,14.855,4.196,185.0,187.8,65.0,1607,0,51.3,0.22
734,15,0.0,37.25,1,40.6,66.7,832,138.7,61.1,-22.36,6.945,14.855,4.196,185.0,188.0,65.0,1607,0,51.3,0.23
735,15,0.0,33.41,1,36.0,63.4,786,138.7,59.8,-22.35,6.938,14.855,4.196,185.0,188.1,65.0,1607,0,51.3,0.23
736,15,0.0,28.65,1,32.9,61.0,755,138.7,58.8,-22.34,6.914,14.855,4.196,185.0,188.2,65.0,1607,0,51.3,0.23
737,15,0.0,24.1,1,30.599999999999998,58.9,736,138.7,57.7,-22.35,6.891,14.855,4.196,185.0,188.3,65.0,1607,0,51.3,0.23
738,14,0.0,20.75,1,28.7,56.89999999999999,725,138.6,56.9,-22.38,6.875,14.855,4.196,185.0,188.3,65.0,1607,0,51.3,0.24
739,13,0.0,16.87,1,27.0,54.900000000000006,718,138.5,56.0,-22.37,6.852,14.855,4.196,185.0,188.4,65.0,1607,0,51.3,0.23
740,13,0.0,15.82,1,25.7,53.5,714,138.4,55.3,-22.36,6.836,14.855,4.196,186.0,188.5,65.0,1607,0,51.3,0.23
741,12,0.0,15.84,1,25.1,53.400000000000006,721,138.3,55.2,-22.37,6.82,14.855,4.196,186.0,188.6,65.0,1607,0,51.3,0.23
742,12,0.0,21.27,1,26.3,56.599999999999994,741,138.4,56.5,-14.3,6.812,14.855,4.196,186.0,188.8,65.0,1607,0,51.2,0.23
743,12,0.0,34.47,1,33.0,66.60000000000001,826,138.5,60.4,-14.11,6.805,14.852,4.196,187.0,189.2,65.0,1607,0,51.2,0.23
744,12,0.0,38.59,1,37.8,68.30000000000001,924,138.8,61.5,-14.11,6.812,14.852,4.196,187.0,189.8,65.0,1607,0,51.2,0.23
745,12,0.0,39.64,1,39.5,68.4,923,139.0,61.7,-14.17,6.828,14.852,4.196,187.0,190.7,65.0,1607,0,51.2,0.23
746,12,0.0,39.13,1,40.0,68.4,884,139.2,61.8,-14.14,6.836,14.852,4.196,189.0,191.7,65.0,1607,0,51.2,0.23
747,12,0.0,39.77,1,40.2,68.4,850,139.4,61.7,-14.15,6.836,14.852,4.196,190.0,192.6,65.0,1607,0,51.2,0.23
748,12,0.0,39.74,1,40.2,68.4,825,139.6,61.8,-14.15,6.844,14.852,4.196,190.0,193.4,65.0,1607,0,51.2,0.23
749,12,0.0,39.66,1,40.2,68.4,808,139.8,61.7,-14.14,6.844,14.852,4.196,191.0,194.1,65.0,1607,0,51.2,0.23
750,12,0.0,39.67,1,40.0,68.4,797,139.8,61.6,-14.12,6.844,14.852,4.196,192.0,194.7,65.0,1607,0,51.2,0.23
751,12,0.0,39.69,1,40.0,68.4,791,139.8,61.6,-14.16,6.844,14.852,4.196,193.0,195.3,65.0,1607,0,51.2,0.22
752,12,0.0,39.71,1,40.0,68.4,787,139.8,61.7,-14.15,6.852,14.852,4.196,193.0,195.8,65.0,1607,0,51.1,0.23
753,12,0.0,39.76,1,40.0,68.4,784,139.7,61.8,-14.16,6.852,14.852,4.196,193.0,196.3,65.0,1607,0,51.1,0.24
754,12,0.0,39.64,1,40.0,68.4,782,139.7,61.7,-14.15,6.859,14.852,4.196,194.0,196.7,65.0,1607,0,51.1,0.23
755,11,0.0,39.63,1,39.900000000000006,68.4,781,139.6,61.8,-14.17,6.859,14.852,4.196,194.0,197.1,65.0,1607,0,51.1,0.22
756,11,0.0,39.58,1,39.900000000000006,68.4,780,139.6,61.7,-14.16,6.844,14.852,4.196,194.0,197.5,65.0,1608,0,51.1,0.23
757,11,0.0,39.65,1,39.800000000000004,68.4,780,139.6,61.7,-14.16,6.82,14.852,4.196,195.0,197.8,65.0,1608,0,51.1,0.22
758,11,0.0,39.73,1,39.800000000000004,68.4,779,139.5,61.8,-14.14,6.805,14.852,4.196,195.0,198.1,65.0,1608,0,51.1,0.23
759,11,0.0,36.9,1,38.800000000000004,67.10000000000001,779,139.5,61.3,-22.36,6.797,14.852,4.196,196.0,198.4,65.0,1608,0,51.1,0.23
760,11,0.0,31.23,1,34.9,62.7,758,139.5,59.5,-22.34,6.789,14.852,4.196,196.0,198.6,65.0,1608,0,51.1,0.22
761,11,0.0,25.78,1,31.7,59.699999999999996,730,139.6,58.2,-18.83,6.781,14.852,4.196,196.0,198.7,65.0,1608,0,51.1,0.24
762,10,0.0,36.61,1,33.1,64.5,728,139.7,59.7,-13.15,6.781,14.848,4.196,196.0,198.7,65.0,1608,0,51.0,0.23
763,10,0.0,39.82,1,41.3,72.6,816,139.7,62.8,-8.84,6.789,14.848,4.196,196.0,198.8,65.0,1608,0,51.0,0.22
764,10,0.0,39.78,1,50.4,77.10000000000001,912,139.7,65.1,-8.77,6.805,14.848,4.196,196.0,199.0,65.0,1608,0,51.0,0.24
765,11,0.0,39.71,1,53.7,77.4,949,139.7,65.7,-8.82,6.844,14.848,4.196,196.0,199.2,65.0,1608,0,51.0,0.23
766,11,0.0,39.62,1,54.6,77.4,950,139.6,65.8,-9.04,6.883,14.848,4.196,197.0,199.3,65.0,1608,0,51.0,0.23
767,12,0.0,39.57,1,51.9,75.1,936,139.7,64.9,-22.22,6.914,14.848,4.196,197.0,199.5,65.0,1608,0,51.0,0.23
768,13,0.0,38.62,1,44.9,69.69999999999999,893,139.8,62.6,-22.3,6.93,14.852,4.196,197.0,199.6,65.0,1608,0,51.0,0.22
769,13,0.0,36.98,1,39.1,65.9,833,139.9,60.9,-22.36,6.922,14.852,4.196,197.0,199.6,65.0,1608,0,51.0,0.22
770,13,0.0,32.65,1,35.3,63.3,787,139.8,59.6,-22.43,6.906,14.852,4.196,197.0,199.6,65.0,1608,0,51.0,0.22
771,13,0.0,28.64,1,32.7,61.199999999999996,758,139.7,58.8,-22.38,6.891,14.852,4.196,197.0,199.6,65.0,1608,0,50.9,0.22
772,12,0.0,24.7,1,30.7,59.3,741,139.6,57.9,-22.35,6.867,14.852,4.196,197.0,199.4,65.0,1608,0,51.0,0.21
773,12,0.0,21.38,1,28.9,57.4,729,139.4,57.1,-22.36,6.844,14.852,4.196,197.0,199.3,65.0,1608,0,50.9,0.22
774,12,0.0,18.06,1,27.3,55.50000000000001,722,139.1,56.3,-22.37,6.82,14.852,4.196,197.0,199.1,65.0,1608,0,50.9,0.22
775,12,0.0,17.7,1,26.1,53.900000000000006,716,138.9,55.4,-15.85,6.805,14.852,4.196,196.0,199.0,66.0,1608,0,50.9,0.22
776,11,0.0,27.34,1,29.299999999999997,61.8,756,138.7,58.6,-15.89,6.789,14.852,4.196,196.0,198.9,66.0,1608,0,50.9,0.22
777,11,0.0,29.9,1,32.9,64.3,851,138.8,59.7,-15.89,6.781,14.852,4.196,196.0,198.9,66.0,1608,0,50.9,0.22
778,11,0.0,29.29,1,33.7,63.6,867,138.9,59.7,-22.48,6.773,14.852,4.196,197.0,199.1,66.0,1608,0,50.9,0.22
779,11,0.0,24.0,1,31.2,59.599999999999994,829,139.1,58.0,-22.32,6.766,14.852,4.196,197.0,199.3,66.0,1608,0,50.9,0.21
780,11,0.0,20.76,1,28.7,56.49999999999999,780,139.4,56.7,-22.39,6.742,14.852,4.196,197.0,199.5,66.0,1608,0,50.9,0.22
781,11,0.0,17.45,1,26.700000000000003,54.0,744,139.6,55.8,-22.36,6.727,14.848,4.196,197.0,199.5,66.0,1608,0,50.9,0.23
782,11,0.0,16.23,1,25.6,53.400000000000006,727,139.8,55.3,-22.39,6.719,14.844,4.196,197.0,199.5,66.0,1608,0,50.9,0.22
783,10,0.0,15.37,1,25.3,53.400000000000006,732,140.0,55.2,-22.38,6.711,14.844,4.196,197.0,199.4,66.0,1608,0,50.8,0.22
784,10,0.0,15.33,1,25.2,53.400000000000006,743,140.0,55.3,-22.38,6.719,14.848,4.196,197.0,199.3,66.0,1608,0,50.9,0.22
785,10,0.0,15.35,1,25.0,53.400000000000006,753,140.0,55.2,-22.38,6.734,14.848,4.196,197.0,199.3,66.0,1608,0,50.8,0.22
786,9,0.0,15.35,1,24.9,53.400000000000006,759,140.0,55.3,-22.38,6.75,14.848,4.196,197.0,199.3,66.0,1608,0,50.8,0.23
787,9,0.0,15.35,1,24.8,53.400000000000006,764,140.1,55.2,-22.37,6.766,14.848,4.196,197.0,199.2,66.0,1608,0,50.8,0.23
788,8,0.0,15.38,1,24.9,53.400000000000006,768,140.1,55.3,-17.32,6.773,14.848,4.196,197.0,199.2,66.0,1608,0,50.8,0.23
789,7,0.0,20.12,1,27.500000000000004,58.5,799,140.2,57.5,-18.61,6.773,14.844,4.196,197.0,199.2,66.0,1608,0,50.8,0.22
790,6,0.0,19.92,1,27.900000000000002,56.99999999999999,836,140.3,57.0,-18.57,6.781,14.844,4.196,197.0,199.1,66.0,1608,0,50.8,0.22
791,5,0.0,20.01,1,27.900000000000002,56.89999999999999,822,140.4,57.0,-18.65,6.781,14.844,4.196,197.0,199.2,66.0,1608,0,50.8,0.23
792,5,0.0,19.93,1,27.800000000000004,56.8,804,140.5,56.7,-18.6,6.789,14.832,4.196,197.0,199.1,66.0,1608,0,50.8,0.23
793,4,0.0,20.02,1,27.900000000000002,56.89999999999999,791,140.7,56.8,-18.61,6.789,14.828,4.196,197.0,199.0,66.0,1608,0,50.8,0.22
794,4,0.0,20.06,1,28.000000000000004,56.89999999999999,783,140.7,56.8,-13.25,6.789,14.828,4.196,197.0,198.9,66.0,1608,0,50.8,0.23
795,3,0.0,33.95,1,32.1,64.4,804,140.8,59.5,-13.18,6.789,14.828,4.196,197.0,198.8,66.0,1608,0,50.7,0.23
796,3,0.0,37.38,1,39.2,70.1,895,140.7,62.1,-13.16,6.789,14.824,4.196,197.0,198.8,66.0,1608,0,50.7,0.22
797,2,0.0,38.86,1,41.9,70.3,916,140.5,62.3,-13.11,6.789,14.824,4.196,197.0,198.8,66.0,1609,0,50.7,0.22
798,2,0.0,39.77,1,42.699999999999996,70.39999999999999,888,140.5,62.5,-13.19,6.789,14.828,4.196,196.0,198.7,66.0,1609,0,50.7,0.22
799,2,0.0,38.47,1,42.699999999999996,69.89999999999999,856,140.6,62.5,-14.51,6.789,14.824,4.196,197.0,198.6,66.0,1609,0,50.7,0.21
800,2,0.0,38.73,1,40.0,67.10000000000001,820,140.6,61.3,-14.99,6.773,14.824,4.196,196.0,198.4,66.0,1609,0,50.7,0.22
801,2,0.0,37.86,1,38.3,66.4,790,140.6,60.8,-15.05,6.766,14.824,4.196,196.0,198.1,66.0,1609,0,50.7,0.22
802,2,0.0,38.06,1,37.7,66.3,775,140.5,60.8,-18.06,6.758,14.824,4.196,196.0,197.8,66.0,1609,0,50.7,0.23
803,2,0.0,30.89,1,35.0,62.5,760,140.3,59.4,-18.06,6.75,14.824,4.196,196.0,197.4,66.0,1609,0,50.7,0.22
804,2,0.0,25.93,1,31.7,59.4,733,140.1,58.1,-22.38,6.734,14.816,4.196,195.0,197.0,66.0,1609,0,50.7,0.22
805,2,0.0,21.68,1,29.299999999999997,56.99999999999999,713,140.0,57.2,-22.34,6.727,14.82,4.196,195.0,196.4,66.0,1609,0,50.7,0.23
806,1,0.0,18.38,1,27.3,54.900000000000006,701,139.9,56.2,-22.36,6.719,14.816,4.196,194.0,195.8,66.0,1609,0,50.7,0.23
807,0,0.0,16.02,1,25.7,53.5,696,139.7,55.4,-22.36,6.703,14.813,4.196,193.0,195.2,66.0,1609,0,50.7,0.23
808,0,0.0,15.34,1,25.0,53.400000000000006,705,139.5,55.2,-22.37,6.695,14.809,4.196,193.0,194.6,66.0,1609,0,50.6,0.23
809,0,0.0,15.25,1,24.8,53.400000000000006,723,139.4,55.3,-22.37,6.688,14.813,4.196,193.0,194.0,66.0,1609,0,50.6,0.23
810,0,0.0,15.26,1,24.7,53.400000000000006,737,139.3,55.3,-22.37,6.695,14.816,4.196,192.0,193.4,66.0,1609,0,50.6,0.23
811,0,0.0,0.44,0,24.8,53.5,748,139.3,55.3,-22.38,6.695,14.816,4.196,192.0,192.9,66.0,1609,0,50.6,0.22
812,0,0.0,0.42,0,24.9,53.400000000000006,748,139.3,55.3,-22.37,6.711,14.82,4.196,190.0,192.1,66.0,1609,0,50.6,0.23
813,0,0.0,0.42,0,24.9,53.400000000000006,744,139.3,55.4,-22.37,6.719,14.824,4.196,190.0,191.4,66.0,1609,0,50.6,0.22
814,0,0.0,0.42,0,24.9,53.400000000000006,740,139.4,55.4,-22.36,6.734,14.828,4.196,189.0,190.6,66.0,1609,0,50.6,0.23
815,0,0.0,0.42,0,24.9,53.400000000000006,736,139.5,55.3,-22.36,6.75,14.828,4.196,188.0,189.7,66.0,1609,0,50.6,0.23
816,0,0.0,0.42,0,24.9,53.400000000000006,734,139.6,55.3,-22.38,6.773,14.828,4.196,187.0,188.9,66.0,1609,0,50.6,0.23
817,0,0.0,0.42,0,24.5,52.1,732,139.7,55.0,-22.37,6.789,14.828,4.196,187.0,188.1,66.0,1609,0,50.6,0.22
818,0,0.0,0.41,0,20.9,42.199999999999996,689,139.7,47.7,-22.38,6.812,14.828,4.196,185.0,187.1,66.0,1609,0,50.6,0.23
